"branch_name","type","rating","num_review","status","search_url","coord_url","longitude","latitude","detail","value"
"Kantor Pos Cabang Luar Kota - Banggai","Kantor Pos",4,15,"Buka ⋅ Tutup pukul 15.00","https://www.google.com/maps/place/Kantor+Pos+Cabang+Luar+Kota+-+Banggai/data=!4m7!3m6!1s0x2d830c7514d22037:0x7464a4756b42ce31!8m2!3d-1.5939046!4d123.5012871!16s%2Fg%2F1pzrq3_wc!19sChIJNyDSFHUMgy0RMc5Ca3WkZHQ?authuser=0&hl=id&rclk=1","https://www.google.com/maps/place/Kantor+Pos+Cabang+Luar+Kota+-+Banggai/@-1.5939046,123.5012871,17z/data=!3m1!4b1!4m6!3m5!1s0x2d830c7514d22037:0x7464a4756b42ce31!8m2!3d-1.5939046!4d123.5012871!16s%2Fg%2F1pzrq3_wc?authuser=0&hl=id&entry=ttu","123.5012871","-1.5939046","Alamat","Jl. Pattimura No.177, Lompio, Kec. Banggai, Kab. Banggai Laut, Sulawesi Tengah 94891"
"Kantor Pos Cabang Luar Kota - Banggai","Kantor Pos",4,15,"Buka ⋅ Tutup pukul 15.00","https://www.google.com/maps/place/Kantor+Pos+Cabang+Luar+Kota+-+Banggai/data=!4m7!3m6!1s0x2d830c7514d22037:0x7464a4756b42ce31!8m2!3d-1.5939046!4d123.5012871!16s%2Fg%2F1pzrq3_wc!19sChIJNyDSFHUMgy0RMc5Ca3WkZHQ?authuser=0&hl=id&rclk=1","https://www.google.com/maps/place/Kantor+Pos+Cabang+Luar+Kota+-+Banggai/@-1.5939046,123.5012871,17z/data=!3m1!4b1!4m6!3m5!1s0x2d830c7514d22037:0x7464a4756b42ce31!8m2!3d-1.5939046!4d123.5012871!16s%2Fg%2F1pzrq3_wc?authuser=0&hl=id&entry=ttu","123.5012871","-1.5939046","Situs Web","posindonesia.co.id"
"Kantor Pos Cabang Luar Kota - Banggai","Kantor Pos",4,15,"Buka ⋅ Tutup pukul 15.00","https://www.google.com/maps/place/Kantor+Pos+Cabang+Luar+Kota+-+Banggai/data=!4m7!3m6!1s0x2d830c7514d22037:0x7464a4756b42ce31!8m2!3d-1.5939046!4d123.5012871!16s%2Fg%2F1pzrq3_wc!19sChIJNyDSFHUMgy0RMc5Ca3WkZHQ?authuser=0&hl=id&rclk=1","https://www.google.com/maps/place/Kantor+Pos+Cabang+Luar+Kota+-+Banggai/@-1.5939046,123.5012871,17z/data=!3m1!4b1!4m6!3m5!1s0x2d830c7514d22037:0x7464a4756b42ce31!8m2!3d-1.5939046!4d123.5012871!16s%2Fg%2F1pzrq3_wc?authuser=0&hl=id&entry=ttu","123.5012871","-1.5939046","Telepon","(0462) 21463"
"Kantor Pos Cabang Luar Kota - Banggai","Kantor Pos",4,15,"Buka ⋅ Tutup pukul 15.00","https://www.google.com/maps/place/Kantor+Pos+Cabang+Luar+Kota+-+Banggai/data=!4m7!3m6!1s0x2d830c7514d22037:0x7464a4756b42ce31!8m2!3d-1.5939046!4d123.5012871!16s%2Fg%2F1pzrq3_wc!19sChIJNyDSFHUMgy0RMc5Ca3WkZHQ?authuser=0&hl=id&rclk=1","https://www.google.com/maps/place/Kantor+Pos+Cabang+Luar+Kota+-+Banggai/@-1.5939046,123.5012871,17z/data=!3m1!4b1!4m6!3m5!1s0x2d830c7514d22037:0x7464a4756b42ce31!8m2!3d-1.5939046!4d123.5012871!16s%2Fg%2F1pzrq3_wc?authuser=0&hl=id&entry=ttu","123.5012871","-1.5939046","Plus Codes","CG42+CG Lompio, Kabupaten Banggai Kepulauan, Sulawesi Tengah"
"Kantor pos luwuk","Kantor Pos",4,28,"Buka ⋅ Tutup pukul 20.00","https://www.google.com/maps/place/Kantor+pos+luwuk/data=!4m7!3m6!1s0x2d86a3ecb83a750d:0xecb717da9ff2307e!8m2!3d-0.9501917!4d122.7892231!16s%2Fg%2F11b5wn3n0w!19sChIJDXU6uOyjhi0RfjDyn9oXt-w?authuser=0&hl=id&rclk=1","https://www.google.com/maps/place/Kantor+pos+luwuk/@-0.9501917,122.7892231,17z/data=!3m1!4b1!4m6!3m5!1s0x2d86a3ecb83a750d:0xecb717da9ff2307e!8m2!3d-0.9501917!4d122.7892231!16s%2Fg%2F11b5wn3n0w?authuser=0&hl=id&entry=ttu","122.7892231","-0.9501917","Alamat","Soho, Luwuk, Kabupaten Banggai, Sulawesi Tengah 94712"
"Kantor pos luwuk","Kantor Pos",4,28,"Buka ⋅ Tutup pukul 20.00","https://www.google.com/maps/place/Kantor+pos+luwuk/data=!4m7!3m6!1s0x2d86a3ecb83a750d:0xecb717da9ff2307e!8m2!3d-0.9501917!4d122.7892231!16s%2Fg%2F11b5wn3n0w!19sChIJDXU6uOyjhi0RfjDyn9oXt-w?authuser=0&hl=id&rclk=1","https://www.google.com/maps/place/Kantor+pos+luwuk/@-0.9501917,122.7892231,17z/data=!3m1!4b1!4m6!3m5!1s0x2d86a3ecb83a750d:0xecb717da9ff2307e!8m2!3d-0.9501917!4d122.7892231!16s%2Fg%2F11b5wn3n0w?authuser=0&hl=id&entry=ttu","122.7892231","-0.9501917","Situs Web","posindonesia.co.id"
"Kantor pos luwuk","Kantor Pos",4,28,"Buka ⋅ Tutup pukul 20.00","https://www.google.com/maps/place/Kantor+pos+luwuk/data=!4m7!3m6!1s0x2d86a3ecb83a750d:0xecb717da9ff2307e!8m2!3d-0.9501917!4d122.7892231!16s%2Fg%2F11b5wn3n0w!19sChIJDXU6uOyjhi0RfjDyn9oXt-w?authuser=0&hl=id&rclk=1","https://www.google.com/maps/place/Kantor+pos+luwuk/@-0.9501917,122.7892231,17z/data=!3m1!4b1!4m6!3m5!1s0x2d86a3ecb83a750d:0xecb717da9ff2307e!8m2!3d-0.9501917!4d122.7892231!16s%2Fg%2F11b5wn3n0w?authuser=0&hl=id&entry=ttu","122.7892231","-0.9501917","Telepon","(0461) 21134"
"Kantor pos luwuk","Kantor Pos",4,28,"Buka ⋅ Tutup pukul 20.00","https://www.google.com/maps/place/Kantor+pos+luwuk/data=!4m7!3m6!1s0x2d86a3ecb83a750d:0xecb717da9ff2307e!8m2!3d-0.9501917!4d122.7892231!16s%2Fg%2F11b5wn3n0w!19sChIJDXU6uOyjhi0RfjDyn9oXt-w?authuser=0&hl=id&rclk=1","https://www.google.com/maps/place/Kantor+pos+luwuk/@-0.9501917,122.7892231,17z/data=!3m1!4b1!4m6!3m5!1s0x2d86a3ecb83a750d:0xecb717da9ff2307e!8m2!3d-0.9501917!4d122.7892231!16s%2Fg%2F11b5wn3n0w?authuser=0&hl=id&entry=ttu","122.7892231","-0.9501917","Plus Codes","2QXQ+WM Soho, Kabupaten Banggai, Sulawesi Tengah"
"Kantorpos Batui","Kantor Pos",3.5,4,"unknown","https://www.google.com/maps/place/Kantorpos+Batui/data=!4m7!3m6!1s0x2d844affffffff99:0x2886e1226bd6137d!8m2!3d-1.316896!4d122.401419!16s%2Fg%2F11b5wlt7_h!19sChIJmf____9KhC0RfRPWayLhhig?authuser=0&hl=id&rclk=1","https://www.google.com/maps/place/Kantorpos+Batui/@-1.316896,122.401419,17z/data=!3m1!4b1!4m6!3m5!1s0x2d844affffffff99:0x2886e1226bd6137d!8m2!3d-1.316896!4d122.401419!16s%2Fg%2F11b5wlt7_h?authuser=0&hl=id&entry=ttu","122.401419","-1.316896","Alamat","Sukamaju, Kec. Batui Sel., Kabupaten Banggai, Sulawesi Tengah 94762"
"Kantorpos Batui","Kantor Pos",3.5,4,"unknown","https://www.google.com/maps/place/Kantorpos+Batui/data=!4m7!3m6!1s0x2d844affffffff99:0x2886e1226bd6137d!8m2!3d-1.316896!4d122.401419!16s%2Fg%2F11b5wlt7_h!19sChIJmf____9KhC0RfRPWayLhhig?authuser=0&hl=id&rclk=1","https://www.google.com/maps/place/Kantorpos+Batui/@-1.316896,122.401419,17z/data=!3m1!4b1!4m6!3m5!1s0x2d844affffffff99:0x2886e1226bd6137d!8m2!3d-1.316896!4d122.401419!16s%2Fg%2F11b5wlt7_h?authuser=0&hl=id&entry=ttu","122.401419","-1.316896","Situs Web","posindonesia.co.id"
"Kantorpos Batui","Kantor Pos",3.5,4,"unknown","https://www.google.com/maps/place/Kantorpos+Batui/data=!4m7!3m6!1s0x2d844affffffff99:0x2886e1226bd6137d!8m2!3d-1.316896!4d122.401419!16s%2Fg%2F11b5wlt7_h!19sChIJmf____9KhC0RfRPWayLhhig?authuser=0&hl=id&rclk=1","https://www.google.com/maps/place/Kantorpos+Batui/@-1.316896,122.401419,17z/data=!3m1!4b1!4m6!3m5!1s0x2d844affffffff99:0x2886e1226bd6137d!8m2!3d-1.316896!4d122.401419!16s%2Fg%2F11b5wlt7_h?authuser=0&hl=id&entry=ttu","122.401419","-1.316896","Telepon","(0461) 21134"
"Kantorpos Batui","Kantor Pos",3.5,4,"unknown","https://www.google.com/maps/place/Kantorpos+Batui/data=!4m7!3m6!1s0x2d844affffffff99:0x2886e1226bd6137d!8m2!3d-1.316896!4d122.401419!16s%2Fg%2F11b5wlt7_h!19sChIJmf____9KhC0RfRPWayLhhig?authuser=0&hl=id&rclk=1","https://www.google.com/maps/place/Kantorpos+Batui/@-1.316896,122.401419,17z/data=!3m1!4b1!4m6!3m5!1s0x2d844affffffff99:0x2886e1226bd6137d!8m2!3d-1.316896!4d122.401419!16s%2Fg%2F11b5wlt7_h?authuser=0&hl=id&entry=ttu","122.401419","-1.316896","Plus Codes","MCM2+6H Sukamaju, Kabupaten Banggai, Sulawesi Tengah"
"KANTOR POS LONTIO","Kantor Perusahaan",4,4,"unknown","https://www.google.com/maps/place/KANTOR+POS+LONTIO/data=!4m7!3m6!1s0x2d8419778a07fb73:0x6165cb751f56014d!8m2!3d-1.0929152!4d122.7244572!16s%2Fg%2F11gy6xchj8!19sChIJc_sHincZhC0RTQFWH3XLZWE?authuser=0&hl=id&rclk=1","https://www.google.com/maps/place/KANTOR+POS+LONTIO/@-1.0929152,122.7244572,17z/data=!3m1!4b1!4m6!3m5!1s0x2d8419778a07fb73:0x6165cb751f56014d!8m2!3d-1.0929152!4d122.7244572!16s%2Fg%2F11gy6xchj8?authuser=0&hl=id&entry=ttu","122.7244572","-1.0929152","Alamat","WP4F+RQP, Jl. Nambo, Nambo Padang, Kecamatan Nambo, Kabupaten Banggai, Sulawesi Tengah"
"Kantor Pos Kilongan","Kantor Perusahaan",5,2,"unknown","https://www.google.com/maps/place/Kantor+Pos+Kilongan/data=!4m7!3m6!1s0x2d86a5d88c32842d:0x35e6d6e25219e08b!8m2!3d-0.9264846!4d122.8573808!16s%2Fg%2F11grbttgyp!19sChIJLYQyjNilhi0Ri-AZUuLW5jU?authuser=0&hl=id&rclk=1","https://www.google.com/maps/place/Kantor+Pos+Kilongan/@-0.9264846,122.8573808,17z/data=!3m1!4b1!4m6!3m5!1s0x2d86a5d88c32842d:0x35e6d6e25219e08b!8m2!3d-0.9264846!4d122.8573808!16s%2Fg%2F11grbttgyp?authuser=0&hl=id&entry=ttu","122.8573808","-0.9264846","Alamat","3VF4+CX2, Kilongan, Luwuk, Kabupaten Banggai, Sulawesi Tengah 94711"
"Kantor Pos Kilongan","Kantor Perusahaan",5,2,"unknown","https://www.google.com/maps/place/Kantor+Pos+Kilongan/data=!4m7!3m6!1s0x2d86a5d88c32842d:0x35e6d6e25219e08b!8m2!3d-0.9264846!4d122.8573808!16s%2Fg%2F11grbttgyp!19sChIJLYQyjNilhi0Ri-AZUuLW5jU?authuser=0&hl=id&rclk=1","https://www.google.com/maps/place/Kantor+Pos+Kilongan/@-0.9264846,122.8573808,17z/data=!3m1!4b1!4m6!3m5!1s0x2d86a5d88c32842d:0x35e6d6e25219e08b!8m2!3d-0.9264846!4d122.8573808!16s%2Fg%2F11grbttgyp?authuser=0&hl=id&entry=ttu","122.8573808","-0.9264846","Situs Web","posindonesia.co.id"
"Kantor pos Pagimana","Kantor Pos",4.3,9,"unknown","https://www.google.com/maps/place/Kantor+pos+Pagimana/data=!4m7!3m6!1s0x2d86945faaaaaab7:0xb1dff7f2b0abb8d4!8m2!3d-0.7952473!4d122.6523388!16s%2Fg%2F11b5wly6dc!19sChIJt6qqql-Uhi0R1LirsPL337E?authuser=0&hl=id&rclk=1","https://www.google.com/maps/place/Kantor+pos+Pagimana/@-0.7952473,122.6523388,17z/data=!3m1!4b1!4m6!3m5!1s0x2d86945faaaaaab7:0xb1dff7f2b0abb8d4!8m2!3d-0.7952473!4d122.6523388!16s%2Fg%2F11b5wly6dc?authuser=0&hl=id&entry=ttu","122.6523388","-0.7952473","Alamat","Jl. Dr. Sutomo No.1, Pagimana, Banggai Regency, Central Sulawesi 94752"
"Kantor pos Pagimana","Kantor Pos",4.3,9,"unknown","https://www.google.com/maps/place/Kantor+pos+Pagimana/data=!4m7!3m6!1s0x2d86945faaaaaab7:0xb1dff7f2b0abb8d4!8m2!3d-0.7952473!4d122.6523388!16s%2Fg%2F11b5wly6dc!19sChIJt6qqql-Uhi0R1LirsPL337E?authuser=0&hl=id&rclk=1","https://www.google.com/maps/place/Kantor+pos+Pagimana/@-0.7952473,122.6523388,17z/data=!3m1!4b1!4m6!3m5!1s0x2d86945faaaaaab7:0xb1dff7f2b0abb8d4!8m2!3d-0.7952473!4d122.6523388!16s%2Fg%2F11b5wly6dc?authuser=0&hl=id&entry=ttu","122.6523388","-0.7952473","Situs Web","posindonesia.co.id"
"Kantor pos Pagimana","Kantor Pos",4.3,9,"unknown","https://www.google.com/maps/place/Kantor+pos+Pagimana/data=!4m7!3m6!1s0x2d86945faaaaaab7:0xb1dff7f2b0abb8d4!8m2!3d-0.7952473!4d122.6523388!16s%2Fg%2F11b5wly6dc!19sChIJt6qqql-Uhi0R1LirsPL337E?authuser=0&hl=id&rclk=1","https://www.google.com/maps/place/Kantor+pos+Pagimana/@-0.7952473,122.6523388,17z/data=!3m1!4b1!4m6!3m5!1s0x2d86945faaaaaab7:0xb1dff7f2b0abb8d4!8m2!3d-0.7952473!4d122.6523388!16s%2Fg%2F11b5wly6dc?authuser=0&hl=id&entry=ttu","122.6523388","-0.7952473","Telepon","(0461) 731145"
"Kantor pos Pagimana","Kantor Pos",4.3,9,"unknown","https://www.google.com/maps/place/Kantor+pos+Pagimana/data=!4m7!3m6!1s0x2d86945faaaaaab7:0xb1dff7f2b0abb8d4!8m2!3d-0.7952473!4d122.6523388!16s%2Fg%2F11b5wly6dc!19sChIJt6qqql-Uhi0R1LirsPL337E?authuser=0&hl=id&rclk=1","https://www.google.com/maps/place/Kantor+pos+Pagimana/@-0.7952473,122.6523388,17z/data=!3m1!4b1!4m6!3m5!1s0x2d86945faaaaaab7:0xb1dff7f2b0abb8d4!8m2!3d-0.7952473!4d122.6523388!16s%2Fg%2F11b5wly6dc?authuser=0&hl=id&entry=ttu","122.6523388","-0.7952473","Plus Codes","6M32+WW Pagimana, Kabupaten Banggai, Sulawesi Tengah"
"Pos Pengawasan SDKP Banggai Laut","Kantor Pemerintah",5,1,"Buka 24 jam","https://www.google.com/maps/place/Pos+Pengawasan+SDKP+Banggai+Laut/data=!4m7!3m6!1s0x2d830b8987ec3893:0x8e334b8227d8ce4!8m2!3d-1.5912976!4d123.4999346!16s%2Fg%2F11by_fqq3c!19sChIJkzjsh4kLgy0R5Ix9Irg04wg?authuser=0&hl=id&rclk=1","https://www.google.com/maps/place/Pos+Pengawasan+SDKP+Banggai+Laut/@-1.5912976,123.4999346,17z/data=!3m1!4b1!4m6!3m5!1s0x2d830b8987ec3893:0x8e334b8227d8ce4!8m2!3d-1.5912976!4d123.4999346!16s%2Fg%2F11by_fqq3c?authuser=0&hl=id&entry=ttu","123.4999346","-1.5912976","Alamat","CF5X+FXM, Jl. Jenderal Sudirman, Lompio, Kec. Banggai, Kab. Banggai Laut, Sulawesi Tengah 94891"
"Pos Pengawasan SDKP Banggai Laut","Kantor Pemerintah",5,1,"Buka 24 jam","https://www.google.com/maps/place/Pos+Pengawasan+SDKP+Banggai+Laut/data=!4m7!3m6!1s0x2d830b8987ec3893:0x8e334b8227d8ce4!8m2!3d-1.5912976!4d123.4999346!16s%2Fg%2F11by_fqq3c!19sChIJkzjsh4kLgy0R5Ix9Irg04wg?authuser=0&hl=id&rclk=1","https://www.google.com/maps/place/Pos+Pengawasan+SDKP+Banggai+Laut/@-1.5912976,123.4999346,17z/data=!3m1!4b1!4m6!3m5!1s0x2d830b8987ec3893:0x8e334b8227d8ce4!8m2!3d-1.5912976!4d123.4999346!16s%2Fg%2F11by_fqq3c?authuser=0&hl=id&entry=ttu","123.4999346","-1.5912976","Telepon","(0462) 21422"
"Kantorpos Tangeban","Kantor Pos",4.3,8,"Buka ⋅ Tutup pukul 00.00","https://www.google.com/maps/place/Kantorpos+Tangeban/data=!4m7!3m6!1s0x2d814a5555555563:0x2f342e18a33b6105!8m2!3d-0.8711385!4d123.1508374!16s%2Fg%2F1q6bl91dt!19sChIJY1VVVVVKgS0RBWE7oxguNC8?authuser=0&hl=id&rclk=1","https://www.google.com/maps/place/Kantorpos+Tangeban/@-0.8711385,123.1508374,17z/data=!3m1!4b1!4m6!3m5!1s0x2d814a5555555563:0x2f342e18a33b6105!8m2!3d-0.8711385!4d123.1508374!16s%2Fg%2F1q6bl91dt?authuser=0&hl=id&entry=ttu","123.1508374","-0.8711385","Alamat","Tangeban, Kec. Masama, Kabupaten Banggai, Sulawesi Tengah 94772"
"Kantorpos Tangeban","Kantor Pos",4.3,8,"Buka ⋅ Tutup pukul 00.00","https://www.google.com/maps/place/Kantorpos+Tangeban/data=!4m7!3m6!1s0x2d814a5555555563:0x2f342e18a33b6105!8m2!3d-0.8711385!4d123.1508374!16s%2Fg%2F1q6bl91dt!19sChIJY1VVVVVKgS0RBWE7oxguNC8?authuser=0&hl=id&rclk=1","https://www.google.com/maps/place/Kantorpos+Tangeban/@-0.8711385,123.1508374,17z/data=!3m1!4b1!4m6!3m5!1s0x2d814a5555555563:0x2f342e18a33b6105!8m2!3d-0.8711385!4d123.1508374!16s%2Fg%2F1q6bl91dt?authuser=0&hl=id&entry=ttu","123.1508374","-0.8711385","Situs Web","posindonesia.co.id"
"Kantorpos Tangeban","Kantor Pos",4.3,8,"Buka ⋅ Tutup pukul 00.00","https://www.google.com/maps/place/Kantorpos+Tangeban/data=!4m7!3m6!1s0x2d814a5555555563:0x2f342e18a33b6105!8m2!3d-0.8711385!4d123.1508374!16s%2Fg%2F1q6bl91dt!19sChIJY1VVVVVKgS0RBWE7oxguNC8?authuser=0&hl=id&rclk=1","https://www.google.com/maps/place/Kantorpos+Tangeban/@-0.8711385,123.1508374,17z/data=!3m1!4b1!4m6!3m5!1s0x2d814a5555555563:0x2f342e18a33b6105!8m2!3d-0.8711385!4d123.1508374!16s%2Fg%2F1q6bl91dt?authuser=0&hl=id&entry=ttu","123.1508374","-0.8711385","Telepon","(0461) 21134"
"Kantorpos Tangeban","Kantor Pos",4.3,8,"Buka ⋅ Tutup pukul 00.00","https://www.google.com/maps/place/Kantorpos+Tangeban/data=!4m7!3m6!1s0x2d814a5555555563:0x2f342e18a33b6105!8m2!3d-0.8711385!4d123.1508374!16s%2Fg%2F1q6bl91dt!19sChIJY1VVVVVKgS0RBWE7oxguNC8?authuser=0&hl=id&rclk=1","https://www.google.com/maps/place/Kantorpos+Tangeban/@-0.8711385,123.1508374,17z/data=!3m1!4b1!4m6!3m5!1s0x2d814a5555555563:0x2f342e18a33b6105!8m2!3d-0.8711385!4d123.1508374!16s%2Fg%2F1q6bl91dt?authuser=0&hl=id&entry=ttu","123.1508374","-0.8711385","Plus Codes","45H2+G8 Tangeban, Kabupaten Banggai, Sulawesi Tengah"
"pos jaga dan b3","Kantor Perusahaan",NA,NA,"unknown","https://www.google.com/maps/place/pos+jaga+dan+b3/data=!4m7!3m6!1s0x2d85ab418966cf8d:0xe027074818dbff09!8m2!3d-1.515501!4d122.2684074!16s%2Fg%2F11h_tlx0bp!19sChIJjc9miUGrhS0RCf_bGEgHJ-A?authuser=0&hl=id&rclk=1","https://www.google.com/maps/place/pos+jaga+dan+b3/@-1.515501,122.2684074,17z/data=!3m1!4b1!4m6!3m5!1s0x2d85ab418966cf8d:0xe027074818dbff09!8m2!3d-1.515501!4d122.2684074!16s%2Fg%2F11h_tlx0bp?authuser=0&hl=id&entry=ttu","122.2684074","-1.515501","Alamat","F7M9+Q9V, Pandan Wangi, Kec. Toili Bar., Kabupaten Banggai, Sulawesi Tengah 94765"
"Kantor Pos Salakan","Kantor Pos",3.9,19,"Buka ⋅ Tutup pukul 15.00","https://www.google.com/maps/place/Kantor+Pos+Salakan/data=!4m7!3m6!1s0x2d839379aaaaaa59:0x28da701f2c714c8d!8m2!3d-1.3057335!4d123.2970114!16s%2Fg%2F1pzvrgncb!19sChIJWaqqqnmTgy0RjUxxLB9w2ig?authuser=0&hl=id&rclk=1","https://www.google.com/maps/place/Kantor+Pos+Salakan/@-1.3057335,123.2970114,17z/data=!3m1!4b1!4m6!3m5!1s0x2d839379aaaaaa59:0x28da701f2c714c8d!8m2!3d-1.3057335!4d123.2970114!16s%2Fg%2F1pzvrgncb?authuser=0&hl=id&entry=ttu","123.2970114","-1.3057335","Alamat","Jl. KRI Imam Bonjol No.9, Salakan, Tinangkung, Kabupaten Banggai Kepulauan, Sulawesi Tengah 94785"
"Kantor Pos Salakan","Kantor Pos",3.9,19,"Buka ⋅ Tutup pukul 15.00","https://www.google.com/maps/place/Kantor+Pos+Salakan/data=!4m7!3m6!1s0x2d839379aaaaaa59:0x28da701f2c714c8d!8m2!3d-1.3057335!4d123.2970114!16s%2Fg%2F1pzvrgncb!19sChIJWaqqqnmTgy0RjUxxLB9w2ig?authuser=0&hl=id&rclk=1","https://www.google.com/maps/place/Kantor+Pos+Salakan/@-1.3057335,123.2970114,17z/data=!3m1!4b1!4m6!3m5!1s0x2d839379aaaaaa59:0x28da701f2c714c8d!8m2!3d-1.3057335!4d123.2970114!16s%2Fg%2F1pzvrgncb?authuser=0&hl=id&entry=ttu","123.2970114","-1.3057335","Situs Web","posindonesia.co.id"
"Kantor Pos Salakan","Kantor Pos",3.9,19,"Buka ⋅ Tutup pukul 15.00","https://www.google.com/maps/place/Kantor+Pos+Salakan/data=!4m7!3m6!1s0x2d839379aaaaaa59:0x28da701f2c714c8d!8m2!3d-1.3057335!4d123.2970114!16s%2Fg%2F1pzvrgncb!19sChIJWaqqqnmTgy0RjUxxLB9w2ig?authuser=0&hl=id&rclk=1","https://www.google.com/maps/place/Kantor+Pos+Salakan/@-1.3057335,123.2970114,17z/data=!3m1!4b1!4m6!3m5!1s0x2d839379aaaaaa59:0x28da701f2c714c8d!8m2!3d-1.3057335!4d123.2970114!16s%2Fg%2F1pzvrgncb?authuser=0&hl=id&entry=ttu","123.2970114","-1.3057335","Plus Codes","M7VW+PR Salakan, Kabupaten Banggai Kepulauan, Sulawesi Tengah"
"Kantor Pos Balantak","Kantor Pos",5,3,"unknown","https://www.google.com/maps/place/Kantor+Pos+Balantak/data=!4m7!3m6!1s0x2d8142e7aaaaaa9d:0xb69196a1966e5626!8m2!3d-0.8800042!4d123.3932971!16s%2Fg%2F1q6qgkh2_!19sChIJnaqqqudCgS0RJlZulqGWkbY?authuser=0&hl=id&rclk=1","https://www.google.com/maps/place/Kantor+Pos+Balantak/@-0.8800042,123.3932971,17z/data=!3m1!4b1!4m6!3m5!1s0x2d8142e7aaaaaa9d:0xb69196a1966e5626!8m2!3d-0.8800042!4d123.3932971!16s%2Fg%2F1q6qgkh2_?authuser=0&hl=id&entry=ttu","123.3932971","-0.8800042","Alamat","Jl No.95A, Dale-Dale, Kec. Balantak, Kabupaten Banggai, Sulawesi Tengah 94773"
"Kantor Pos Balantak","Kantor Pos",5,3,"unknown","https://www.google.com/maps/place/Kantor+Pos+Balantak/data=!4m7!3m6!1s0x2d8142e7aaaaaa9d:0xb69196a1966e5626!8m2!3d-0.8800042!4d123.3932971!16s%2Fg%2F1q6qgkh2_!19sChIJnaqqqudCgS0RJlZulqGWkbY?authuser=0&hl=id&rclk=1","https://www.google.com/maps/place/Kantor+Pos+Balantak/@-0.8800042,123.3932971,17z/data=!3m1!4b1!4m6!3m5!1s0x2d8142e7aaaaaa9d:0xb69196a1966e5626!8m2!3d-0.8800042!4d123.3932971!16s%2Fg%2F1q6qgkh2_?authuser=0&hl=id&entry=ttu","123.3932971","-0.8800042","Situs Web","posindonesia.co.id"
"Kantor Pos Balantak","Kantor Pos",5,3,"unknown","https://www.google.com/maps/place/Kantor+Pos+Balantak/data=!4m7!3m6!1s0x2d8142e7aaaaaa9d:0xb69196a1966e5626!8m2!3d-0.8800042!4d123.3932971!16s%2Fg%2F1q6qgkh2_!19sChIJnaqqqudCgS0RJlZulqGWkbY?authuser=0&hl=id&rclk=1","https://www.google.com/maps/place/Kantor+Pos+Balantak/@-0.8800042,123.3932971,17z/data=!3m1!4b1!4m6!3m5!1s0x2d8142e7aaaaaa9d:0xb69196a1966e5626!8m2!3d-0.8800042!4d123.3932971!16s%2Fg%2F1q6qgkh2_?authuser=0&hl=id&entry=ttu","123.3932971","-0.8800042","Telepon","(0461) 21134"
"Kantor Pos Balantak","Kantor Pos",5,3,"unknown","https://www.google.com/maps/place/Kantor+Pos+Balantak/data=!4m7!3m6!1s0x2d8142e7aaaaaa9d:0xb69196a1966e5626!8m2!3d-0.8800042!4d123.3932971!16s%2Fg%2F1q6qgkh2_!19sChIJnaqqqudCgS0RJlZulqGWkbY?authuser=0&hl=id&rclk=1","https://www.google.com/maps/place/Kantor+Pos+Balantak/@-0.8800042,123.3932971,17z/data=!3m1!4b1!4m6!3m5!1s0x2d8142e7aaaaaa9d:0xb69196a1966e5626!8m2!3d-0.8800042!4d123.3932971!16s%2Fg%2F1q6qgkh2_?authuser=0&hl=id&entry=ttu","123.3932971","-0.8800042","Plus Codes","499V+X8 Dale-Dale, Kabupaten Banggai, Sulawesi Tengah"
"Kantor Pos Batui","Kantor Pos",NA,NA,"unknown","https://www.google.com/maps/place/Kantor+Pos+Batui/data=!4m7!3m6!1s0x2d8447d2a2c42f21:0xc54cdd0473a70223!8m2!3d-1.2826061!4d122.5536781!16s%2Fg%2F11s4_m5pxg!19sChIJIS_EotJHhC0RIwKncwTdTMU?authuser=0&hl=id&rclk=1","https://www.google.com/maps/place/Kantor+Pos+Batui/@-1.2826061,122.5536781,17z/data=!3m1!4b1!4m6!3m5!1s0x2d8447d2a2c42f21:0xc54cdd0473a70223!8m2!3d-1.2826061!4d122.5536781!16s%2Fg%2F11s4_m5pxg?authuser=0&hl=id&entry=ttu","122.5536781","-1.2826061","Alamat","PH83+XF3, Sisipan, Tolando, Kabupaten Banggai, Sulawesi Tengah"
"Bangkep Pos","Biro Informasi Warga",5,1,"Buka 24 jam","https://www.google.com/maps/place/Bangkep+Pos/data=!4m7!3m6!1s0x2d83933393703c3b:0xdaf5d800dc0c119d!8m2!3d-1.3145855!4d123.2851303!16s%2Fg%2F11hm8k98fq!19sChIJOzxwkzOTgy0RnREM3ADY9do?authuser=0&hl=id&rclk=1","https://www.google.com/maps/place/Bangkep+Pos/@-1.3145855,123.2851303,17z/data=!3m1!4b1!4m6!3m5!1s0x2d83933393703c3b:0xdaf5d800dc0c119d!8m2!3d-1.3145855!4d123.2851303!16s%2Fg%2F11hm8k98fq?authuser=0&hl=id&entry=ttu","123.2851303","-1.3145855","Alamat","Desa Bongganan, Salakan, Tinangkung, Kabupaten Banggai Kepulauan, Sulawesi Tengah 94885"
"Bangkep Pos","Biro Informasi Warga",5,1,"Buka 24 jam","https://www.google.com/maps/place/Bangkep+Pos/data=!4m7!3m6!1s0x2d83933393703c3b:0xdaf5d800dc0c119d!8m2!3d-1.3145855!4d123.2851303!16s%2Fg%2F11hm8k98fq!19sChIJOzxwkzOTgy0RnREM3ADY9do?authuser=0&hl=id&rclk=1","https://www.google.com/maps/place/Bangkep+Pos/@-1.3145855,123.2851303,17z/data=!3m1!4b1!4m6!3m5!1s0x2d83933393703c3b:0xdaf5d800dc0c119d!8m2!3d-1.3145855!4d123.2851303!16s%2Fg%2F11hm8k98fq?authuser=0&hl=id&entry=ttu","123.2851303","-1.3145855","Situs Web","bangkeppos.com"
"Bangkep Pos","Biro Informasi Warga",5,1,"Buka 24 jam","https://www.google.com/maps/place/Bangkep+Pos/data=!4m7!3m6!1s0x2d83933393703c3b:0xdaf5d800dc0c119d!8m2!3d-1.3145855!4d123.2851303!16s%2Fg%2F11hm8k98fq!19sChIJOzxwkzOTgy0RnREM3ADY9do?authuser=0&hl=id&rclk=1","https://www.google.com/maps/place/Bangkep+Pos/@-1.3145855,123.2851303,17z/data=!3m1!4b1!4m6!3m5!1s0x2d83933393703c3b:0xdaf5d800dc0c119d!8m2!3d-1.3145855!4d123.2851303!16s%2Fg%2F11hm8k98fq?authuser=0&hl=id&entry=ttu","123.2851303","-1.3145855","Telepon","0822-9698-3675"
"Bangkep Pos","Biro Informasi Warga",5,1,"Buka 24 jam","https://www.google.com/maps/place/Bangkep+Pos/data=!4m7!3m6!1s0x2d83933393703c3b:0xdaf5d800dc0c119d!8m2!3d-1.3145855!4d123.2851303!16s%2Fg%2F11hm8k98fq!19sChIJOzxwkzOTgy0RnREM3ADY9do?authuser=0&hl=id&rclk=1","https://www.google.com/maps/place/Bangkep+Pos/@-1.3145855,123.2851303,17z/data=!3m1!4b1!4m6!3m5!1s0x2d83933393703c3b:0xdaf5d800dc0c119d!8m2!3d-1.3145855!4d123.2851303!16s%2Fg%2F11hm8k98fq?authuser=0&hl=id&entry=ttu","123.2851303","-1.3145855","Plus Codes","M7PP+53 Salakan, Kabupaten Banggai Kepulauan, Sulawesi Tengah"
"Kantorpos Tirta Kencana","Kantor Pos",4,12,"Buka ⋅ Tutup pukul 17.00","https://www.google.com/maps/place/Kantorpos+Tirta+Kencana/data=!4m7!3m6!1s0x2d85acf155555555:0x4256d33db5a385cc!8m2!3d-1.4657976!4d122.3317566!16s%2Fg%2F1pzq0gr7w!19sChIJVVVVVfGshS0RzIWjtT3TVkI?authuser=0&hl=id&rclk=1","https://www.google.com/maps/place/Kantorpos+Tirta+Kencana/@-1.4657976,122.3317566,17z/data=!3m1!4b1!4m6!3m5!1s0x2d85acf155555555:0x4256d33db5a385cc!8m2!3d-1.4657976!4d122.3317566!16s%2Fg%2F1pzq0gr7w?authuser=0&hl=id&entry=ttu","122.3317566","-1.4657976","Alamat","JL. Tadulako No. EE 1, Tirta Kencana, Kec. Toili, Kabupaten Banggai, Sulawesi Tengah 94765"
"Kantorpos Tirta Kencana","Kantor Pos",4,12,"Buka ⋅ Tutup pukul 17.00","https://www.google.com/maps/place/Kantorpos+Tirta+Kencana/data=!4m7!3m6!1s0x2d85acf155555555:0x4256d33db5a385cc!8m2!3d-1.4657976!4d122.3317566!16s%2Fg%2F1pzq0gr7w!19sChIJVVVVVfGshS0RzIWjtT3TVkI?authuser=0&hl=id&rclk=1","https://www.google.com/maps/place/Kantorpos+Tirta+Kencana/@-1.4657976,122.3317566,17z/data=!3m1!4b1!4m6!3m5!1s0x2d85acf155555555:0x4256d33db5a385cc!8m2!3d-1.4657976!4d122.3317566!16s%2Fg%2F1pzq0gr7w?authuser=0&hl=id&entry=ttu","122.3317566","-1.4657976","Situs Web","posindonesia.co.id"
"Kantorpos Tirta Kencana","Kantor Pos",4,12,"Buka ⋅ Tutup pukul 17.00","https://www.google.com/maps/place/Kantorpos+Tirta+Kencana/data=!4m7!3m6!1s0x2d85acf155555555:0x4256d33db5a385cc!8m2!3d-1.4657976!4d122.3317566!16s%2Fg%2F1pzq0gr7w!19sChIJVVVVVfGshS0RzIWjtT3TVkI?authuser=0&hl=id&rclk=1","https://www.google.com/maps/place/Kantorpos+Tirta+Kencana/@-1.4657976,122.3317566,17z/data=!3m1!4b1!4m6!3m5!1s0x2d85acf155555555:0x4256d33db5a385cc!8m2!3d-1.4657976!4d122.3317566!16s%2Fg%2F1pzq0gr7w?authuser=0&hl=id&entry=ttu","122.3317566","-1.4657976","Plus Codes","G8MJ+MP Tirta Kencana, Kabupaten Banggai, Sulawesi Tengah"
"POS PENGAWASAN SUMBERDAYA KELAUTAN DAN PERIKANAN PROV. SULAWESI TENGAH BANGGAI LAUT-BANGGAI KEPULAUAN","Kantor Pemerintah",5,1,"","https://www.google.com/maps/place/POS+PENGAWASAN+SUMBERDAYA+KELAUTAN+DAN+PERIKANAN+PROV.+SULAWESI+TENGAH+BANGGAI+LAUT-BANGGAI+KEPULAUAN/data=!4m7!3m6!1s0x2d830d60a5b6bf65:0x3426b66a0333a9b6!8m2!3d-1.6098428!4d123.4861357!16s%2Fg%2F11s4d0cvs6!19sChIJZb-2pWANgy0RtqkzA2q2JjQ?authuser=0&hl=id&rclk=1","https://www.google.com/maps/place/POS+PENGAWASAN+SUMBERDAYA+KELAUTAN+DAN+PERIKANAN+PROV.+SULAWESI+TENGAH+BANGGAI+LAUT-BANGGAI+KEPULAUAN/@-1.6098428,123.4861357,17z/data=!3m1!4b1!4m6!3m5!1s0x2d830d60a5b6bf65:0x3426b66a0333a9b6!8m2!3d-1.6098428!4d123.4861357!16s%2Fg%2F11s4d0cvs6?authuser=0&hl=id&entry=ttu","123.4861357","-1.6098428","Alamat","PPI MATO, Gong-Gong, Kec. Banggai Tengah, Kab. Banggai Laut, Sulawesi Tengah"
"Pos SECURITY CABANG LUWUK","Kantor Perusahaan",NA,NA,"unknown","https://www.google.com/maps/place/Pos+SECURITY+CABANG+LUWUK/data=!4m7!3m6!1s0x2d86a3e67353a29b:0x20afa7d07473f5c6!8m2!3d-0.9473674!4d122.7911632!16s%2Fg%2F11f15m355f!19sChIJm6JTc-ajhi0RxvVzdNCnryA?authuser=0&hl=id&rclk=1","https://www.google.com/maps/place/Pos+SECURITY+CABANG+LUWUK/@-0.9473674,122.7911632,17z/data=!3m1!4b1!4m6!3m5!1s0x2d86a3e67353a29b:0x20afa7d07473f5c6!8m2!3d-0.9473674!4d122.7911632!16s%2Fg%2F11f15m355f?authuser=0&hl=id&entry=ttu","122.7911632","-0.9473674","Alamat","3Q3R+3F3, Soho, Luwuk, Kabupaten Banggai, Sulawesi Tengah 94712"
"Kantor POS Bunta","Kantor Pos",NA,NA,"Buka ⋅ Tutup pukul 16.00","https://www.google.com/maps/place/Kantor+POS+Bunta/data=!4m7!3m6!1s0x2d866fa8078bf9ad:0x42d0d808893a96f7!8m2!3d-0.8332904!4d122.1670001!16s%2Fg%2F11kh_q7nw_!19sChIJrfmLB6hvhi0R95Y6iQjY0EI?authuser=0&hl=id&rclk=1","https://www.google.com/maps/place/Kantor+POS+Bunta/@-0.8332904,122.1670001,17z/data=!3m1!4b1!4m6!3m5!1s0x2d866fa8078bf9ad:0x42d0d808893a96f7!8m2!3d-0.8332904!4d122.1670001!16s%2Fg%2F11kh_q7nw_?authuser=0&hl=id&entry=ttu","122.1670001","-0.8332904","Alamat","Jl. Ahmad Yani No.64, Bunta Satu, Kec. Bunta, Kabupaten Banggai, Sulawesi Tengah"
"Kantor POS Bunta","Kantor Pos",NA,NA,"Buka ⋅ Tutup pukul 16.00","https://www.google.com/maps/place/Kantor+POS+Bunta/data=!4m7!3m6!1s0x2d866fa8078bf9ad:0x42d0d808893a96f7!8m2!3d-0.8332904!4d122.1670001!16s%2Fg%2F11kh_q7nw_!19sChIJrfmLB6hvhi0R95Y6iQjY0EI?authuser=0&hl=id&rclk=1","https://www.google.com/maps/place/Kantor+POS+Bunta/@-0.8332904,122.1670001,17z/data=!3m1!4b1!4m6!3m5!1s0x2d866fa8078bf9ad:0x42d0d808893a96f7!8m2!3d-0.8332904!4d122.1670001!16s%2Fg%2F11kh_q7nw_?authuser=0&hl=id&entry=ttu","122.1670001","-0.8332904","Plus Codes","5588+MR Bunta Satu, Kabupaten Banggai, Sulawesi Tengah"
"POS JAGA SYAHBANDAR(KPLP)","Kantor Pemerintah",NA,NA,"unknown","https://www.google.com/maps/place/POS+JAGA+SYAHBANDAR%28KPLP%29/data=!4m7!3m6!1s0x2d86a31df87d2f2d:0xe910b6c4df38bc83!8m2!3d-0.9532453!4d122.7970544!16s%2Fg%2F11t0p70dmx!19sChIJLS99-B2jhi0Rg7w438S2EOk?authuser=0&hl=id&rclk=1","https://www.google.com/maps/place/POS+JAGA+SYAHBANDAR(KPLP)/@-0.9532453,122.7970544,17z/data=!3m1!4b1!4m6!3m5!1s0x2d86a31df87d2f2d:0xe910b6c4df38bc83!8m2!3d-0.9532453!4d122.7970544!16s%2Fg%2F11t0p70dmx?authuser=0&hl=id&entry=ttu","122.7970544","-0.9532453","Alamat","Jl. Yos Sudarso No.1, Karaton, Luwuk, Kabupaten Banggai, Sulawesi Tengah 94712"
"POS JAGA SYAHBANDAR(KPLP)","Kantor Pemerintah",NA,NA,"unknown","https://www.google.com/maps/place/POS+JAGA+SYAHBANDAR%28KPLP%29/data=!4m7!3m6!1s0x2d86a31df87d2f2d:0xe910b6c4df38bc83!8m2!3d-0.9532453!4d122.7970544!16s%2Fg%2F11t0p70dmx!19sChIJLS99-B2jhi0Rg7w438S2EOk?authuser=0&hl=id&rclk=1","https://www.google.com/maps/place/POS+JAGA+SYAHBANDAR(KPLP)/@-0.9532453,122.7970544,17z/data=!3m1!4b1!4m6!3m5!1s0x2d86a31df87d2f2d:0xe910b6c4df38bc83!8m2!3d-0.9532453!4d122.7970544!16s%2Fg%2F11t0p70dmx?authuser=0&hl=id&entry=ttu","122.7970544","-0.9532453","Plus Codes","2QWW+PR Karaton, Kabupaten Banggai, Sulawesi Tengah"
"POS SAT LANTAS POLRES BANGGAI","Departemen Kepolisian",NA,NA,"unknown","https://www.google.com/maps/place/POS+SAT+LANTAS+POLRES+BANGGAI/data=!4m7!3m6!1s0x2d86a3e42fc0ed2b:0x56268452ab585662!8m2!3d-0.9490811!4d122.7919617!16s%2Fg%2F11c45tvlgm!19sChIJK-3AL-Sjhi0RYlZYq1KEJlY?authuser=0&hl=id&rclk=1","https://www.google.com/maps/place/POS+SAT+LANTAS+POLRES+BANGGAI/@-0.9490811,122.7919617,17z/data=!3m1!4b1!4m6!3m5!1s0x2d86a3e42fc0ed2b:0x56268452ab585662!8m2!3d-0.9490811!4d122.7919617!16s%2Fg%2F11c45tvlgm?authuser=0&hl=id&entry=ttu","122.7919617","-0.9490811","Alamat","3Q2R+9Q8, Jl. Ahmad Yani, Luwuk, Kabupaten Banggai, Sulawesi Tengah 94712"
"Kantor BASARNAS Pos Sar Luwuk","Kantor Pemerintah",4.7,3,"Buka 24 jam","https://www.google.com/maps/place/Kantor+BASARNAS+Pos+Sar+Luwuk/data=!4m7!3m6!1s0x2d86a15cadbf141f:0x10a718a50ef7d3ed!8m2!3d-1.0125548!4d122.7906342!16s%2Fg%2F11g886fgdk!19sChIJHxS_rVyhhi0R7dP3DqUYpxA?authuser=0&hl=id&rclk=1","https://www.google.com/maps/place/Kantor+BASARNAS+Pos+Sar+Luwuk/@-1.0125548,122.7906342,17z/data=!3m1!4b1!4m6!3m5!1s0x2d86a15cadbf141f:0x10a718a50ef7d3ed!8m2!3d-1.0125548!4d122.7906342!16s%2Fg%2F11g886fgdk?authuser=0&hl=id&entry=ttu","122.7906342","-1.0125548","Alamat","Jl. Dr. Moh. Hatta No.KM.11, Luwuk, Kabupaten Banggai, Sulawesi Tengah 94713"
"Kantor BASARNAS Pos Sar Luwuk","Kantor Pemerintah",4.7,3,"Buka 24 jam","https://www.google.com/maps/place/Kantor+BASARNAS+Pos+Sar+Luwuk/data=!4m7!3m6!1s0x2d86a15cadbf141f:0x10a718a50ef7d3ed!8m2!3d-1.0125548!4d122.7906342!16s%2Fg%2F11g886fgdk!19sChIJHxS_rVyhhi0R7dP3DqUYpxA?authuser=0&hl=id&rclk=1","https://www.google.com/maps/place/Kantor+BASARNAS+Pos+Sar+Luwuk/@-1.0125548,122.7906342,17z/data=!3m1!4b1!4m6!3m5!1s0x2d86a15cadbf141f:0x10a718a50ef7d3ed!8m2!3d-1.0125548!4d122.7906342!16s%2Fg%2F11g886fgdk?authuser=0&hl=id&entry=ttu","122.7906342","-1.0125548","Telepon","(0451) 481110"
"Kantor BASARNAS Pos Sar Luwuk","Kantor Pemerintah",4.7,3,"Buka 24 jam","https://www.google.com/maps/place/Kantor+BASARNAS+Pos+Sar+Luwuk/data=!4m7!3m6!1s0x2d86a15cadbf141f:0x10a718a50ef7d3ed!8m2!3d-1.0125548!4d122.7906342!16s%2Fg%2F11g886fgdk!19sChIJHxS_rVyhhi0R7dP3DqUYpxA?authuser=0&hl=id&rclk=1","https://www.google.com/maps/place/Kantor+BASARNAS+Pos+Sar+Luwuk/@-1.0125548,122.7906342,17z/data=!3m1!4b1!4m6!3m5!1s0x2d86a15cadbf141f:0x10a718a50ef7d3ed!8m2!3d-1.0125548!4d122.7906342!16s%2Fg%2F11g886fgdk?authuser=0&hl=id&entry=ttu","122.7906342","-1.0125548","Plus Codes","XQPR+X7 Tj. Tuwis, Kabupaten Banggai, Sulawesi Tengah"
"pos monyet","Tempat Acara",5,2,"Buka 24 jam","https://www.google.com/maps/place/pos+monyet/data=!4m7!3m6!1s0x2d86a1ead9242e5d:0x92c8969f7bc9ca92!8m2!3d-0.9607467!4d122.7882229!16s%2Fg%2F11j6r_f9hv!19sChIJXS4k2eqhhi0RksrJe5-WyJI?authuser=0&hl=id&rclk=1","https://www.google.com/maps/place/pos+monyet/@-0.9607467,122.7882229,17z/data=!3m1!4b1!4m6!3m5!1s0x2d86a1ead9242e5d:0x92c8969f7bc9ca92!8m2!3d-0.9607467!4d122.7882229!16s%2Fg%2F11j6r_f9hv?authuser=0&hl=id&entry=ttu","122.7882229","-0.9607467","Alamat","2QQQ+P75, Simpong, Luwuk, Kabupaten Banggai, Sulawesi Tengah 94713"
