"provinsi","kabupaten_kota","ibu_kota","bupati_wali_kota","luas_wilayah_diff_sources_and_years","jumlah_penduduk_diff_sources_and_years","kecamatan","kelurahan_desa"
"Aceh","Kabupaten Aceh Barat","Meulaboh","Mahdi Effendi (Pj.)",2782.87,198858,12,"322"
"Aceh","Kabupaten Aceh Barat Daya","Blangpidie","Darmansah (Pj.)",1882.28,153515,9,"152"
"Aceh","Kabupaten Aceh Besar","Kota Jantho","Muhammad Iswanto (Pj.)",2891.48,422241,23,"604"
"Aceh","Kabupaten Aceh Jaya","Calang","Nurdin (Pj.)",3872.35,96049,9,"172"
"Aceh","Kabupaten Aceh Selatan","Tapak Tuan","Tgk. Amran",4175.38,234169,18,"260"
"Aceh","Kabupaten Aceh Singkil","Singkil","Marthunis (Pj.)",1852.82,129674,11,"116"
"Aceh","Kabupaten Aceh Tamiang","Karang Baru","Meurah Budiman (Pj.)",2187.66,301800,12,"216"
"Aceh","Kabupaten Aceh Tengah","Takengon","Teuku Mirzuan (Pj.)",4468.42,219744,14,"295"
"Aceh","Kabupaten Aceh Tenggara","Kutacane","Syakir (Pj.)",4179.12,227921,16,"385"
"Aceh","Kabupaten Aceh Timur","Idi Rayeuk","Mahyuddin (Pj.)",5409.41,434929,24,"513"
"Aceh","Kabupaten Aceh Utara","Lhoksukon","Mahyuzar Reuby (Pj.)",2705.26,609705,27,"852"
"Aceh","Kabupaten Bener Meriah","Simpang Tiga Redelong","Haili Yoga (Pj.)",1907.4,168469,10,"232"
"Aceh","Kabupaten Bireuen","Bireuen","Aulia Sofyan (Pj.)",1796.99,445503,17,"609"
"Aceh","Kabupaten Gayo Lues","Blang Kejeren","Syaridin Porang (Pj.)",5541.29,101955,11,"136"
"Aceh","Kabupaten Nagan Raya","Suka Makmue","Fitriany Farhas (Pj.)",3524.16,172827,10,"222"
"Aceh","Kabupaten Pidie","Sigli","Wahyudi Adisiswanto (Pj.)",3177.49,436796,23,"730"
"Aceh","Kabupaten Pidie Jaya","Meureudu","Aiyub Abbas",939,160272,8,"222"
"Aceh","Kabupaten Simeulue","Sinabang","Ahmadlyah (Pj.)",1821.75,94560,10,"138"
"Aceh","Kota Banda Aceh","-","Amiruddin (Pj.)",56.77,254024,9,"90"
"Aceh","Kota Langsa","-","Said Mahmum (Pj.)",224.24,186075,5,"66"
"Aceh","Kota Lhokseumawe","-","Imran (Pj.)",132.97,191688,4,"68"
"Aceh","Kota Sabang","-","Reza Fahlevi (Pj.)",122.06,42867,3,"18"
"Aceh","Kota Subulussalam","-","Affan Alfian Bintang",1183.6,96296,5,"82"
"Sumatra Utara","Kabupaten Asahan","Kisaran","Surya",3737.83,791174,25,"27/177"
"Sumatra Utara","Kabupaten Batu Bara","Limapuluh","Zahir",888.14,443816,12,"10/141"
"Sumatra Utara","Kabupaten Dairi","Sidikalang","Eddy Keleng Ate Berutu",2083.6,319583,15,"8/161"
"Sumatra Utara","Kabupaten Deli Serdang","Lubuk Pakam","Ashari Tambunan",2581.23,1991108,22,"14/380"
"Sumatra Utara","Kabupaten Humbang Hasundutan","Dolok Sanggul","Dosmar Banjarnahor",2351.51,204377,10,"1/153"
"Sumatra Utara","Kabupaten Karo","Kabanjahe","Cory Sriwaty Sebayang",2206.88,410465,17,"10/259"
"Sumatra Utara","Kabupaten Labuhanbatu","Rantau Prapat","Erik Adtrada Ritonga",2772.38,505875,9,"23/75"
"Sumatra Utara","Kabupaten Labuhanbatu Selatan","Kota Pinang","Edimin",3079.61,325451,5,"2/52"
"Sumatra Utara","Kabupaten Labuhanbatu Utara","Aek Kanopan","Hendri Yanto Sitorus",3686.01,396555,8,"8/82"
"Sumatra Utara","Kabupaten Langkat","Stabat","Syah Afandin (Plt.)",6140.04,1084108,23,"37/240"
"Sumatra Utara","Kabupaten Mandailing Natal","Panyabungan","Jafar Sukhairi Nasution",6547.26,491005,23,"27/377"
"Sumatra Utara","Kabupaten Nias","Gido","Ya'atulo Gulö",902.4,145644,10,"-/170"
"Sumatra Utara","Kabupaten Nias Barat","Lahomi","Khenoki Waruwu",464.22,96938,8,"-/105"
"Sumatra Utara","Kabupaten Nias Selatan","Teluk Dalam","Hilarius Duha",2531.7,367970,35,"2/459"
"Sumatra Utara","Kabupaten Nias Utara","Lotu","Amizaro Waruwu",1238.06,152378,11,"1/112"
"Sumatra Utara","Kabupaten Padang Lawas","Sibuhuan","Ali Sutan Harahap",3914.41,264041,12,"1/303"
"Sumatra Utara","Kabupaten Padang Lawas Utara","Gunung Tua","Andar Amin Harahap",3945.56,270595,9,"2/386"
"Sumatra Utara","Kabupaten Pakpak Bharat","Salak","Franc Bernhard Tumanggor",1365.61,55550,8,"-/52"
"Sumatra Utara","Kabupaten Samosir","Pangururan","Vandiko Gultom",1850.04,142318,9,"6/128"
"Sumatra Utara","Kabupaten Serdang Bedagai","Sei Rampah","Darma Wijaya",1949.18,669746,17,"6/237"
"Sumatra Utara","Kabupaten Simalungun","Raya","Radiapoh Hasiholan Sinaga",4601.48,1039056,32,"27/386"
"Sumatra Utara","Kabupaten Tapanuli Selatan","Sipirok","Dolly Putra Parlindungan Pasaribu",4201.04,315713,14,"37/211"
"Sumatra Utara","Kabupaten Tapanuli Tengah","Pandan","Elfin Elyas Nainggolan (Pj.)",2307.68,366361,20,"56/159"
"Sumatra Utara","Kabupaten Tapanuli Utara","Tarutung","Nikson Nababan",3895.6,321514,15,"11/241"
"Sumatra Utara","Kabupaten Toba","Balige","Poltak Sitorus",2291.62,213924,16,"13/231"
"Sumatra Utara","Kota Binjai","-","Amir Hamzah",93.77,300499,5,"37/-"
"Sumatra Utara","Kota Gunungsitoli","-","Lakhomizaro Zebua",208.68,137249,6,"3/98"
"Sumatra Utara","Kota Medan","-","Bobby Nasution",279.29,2527050,21,"151/-"
"Sumatra Utara","Kota Padang Sidempuan","-","Irsan Efendi Nasution",159.3,228744,6,"37/42"
"Sumatra Utara","Kota Pematangsiantar","-","Susanti Dewayani",75.92,274278,8,"53/-"
"Sumatra Utara","Kota Sibolga","-","Jamaluddin Pohan",11.47,95527,4,"17/-"
"Sumatra Utara","Kota Tanjungbalai","-","Waris Thalib",60.07,179589,6,"31/-"
"Sumatra Utara","Kota Tebing Tinggi","-","Muhammad Dimiyathi (Pj.)",39.17,177029,5,"35/-"
"Sumatra Barat","Kabupaten Agam","Lubuk Basung","Andri Warman",1804.3,529138,16,"-/92"
"Sumatra Barat","Kabupaten Dharmasraya","Pulau Punjung","Sutan Riska Tuanku Kerajaan",2961.13,228591,11,"-/52"
"Sumatra Barat","Kabupaten Kepulauan Mentawai","Tua Pejat","Martinus Dahlan (Pj.)",6011.35,87623,10,"-/43"
"Sumatra Barat","Kabupaten Lima Puluh Kota","Sarilamak","Safaruddin Datuak Bandaro Rajo",3571.14,383525,13,"-/79"
"Sumatra Barat","Kabupaten Padang Pariaman","Parit Malintang","Suhatri Bur",1332.51,430626,17,"-/103"
"Sumatra Barat","Kabupaten Pasaman","Lubuk Sikaping","Benny Utama",3947.63,299851,12,"-/62"
"Sumatra Barat","Kabupaten Pasaman Barat","Simpang Ampek","Hamsuardi",3887.77,431672,11,"-/90"
"Sumatra Barat","Kabupaten Pesisir Selatan","Painan","Rusma Yul Anwar",5749.89,504418,15,"-/182"
"Sumatra Barat","Kabupaten Sijunjung","Muaro Sijunjung","Benny Dwifa Yuswir",3130.4,235045,8,"-/62"
"Sumatra Barat","Kabupaten Solok","Arosuka","Epyardi Asda",3738,391497,14,"-/74"
"Sumatra Barat","Kabupaten Solok Selatan","Padang Aro","Khairunas",3346.2,182027,7,"-/39"
"Sumatra Barat","Kabupaten Tanah Datar","Batusangkar","Eka Putra",1336.1,371704,14,"-/75"
"Sumatra Barat","Kota Bukittinggi","-","Erman Safar",25.24,121028,3,"24/-"
"Sumatra Barat","Kota Padang","-","Hendri Septa",693.66,909040,11,"104/-"
"Sumatra Barat","Kota Padang Panjang","-","Fadly Amran",23,56311,2,"16/-"
"Sumatra Barat","Kota Pariaman","-","Genius Umar",66.13,94224,4,"16/55"
"Sumatra Barat","Kota Payakumbuh","-","Rida Ananda (Pj.)",85.22,139576,5,"47/-"
"Sumatra Barat","Kota Sawahlunto","-","Deri Asta",231.93,65138,4,"10/27"
"Sumatra Barat","Kota Solok","-","Zul Elfian",71.29,73438,2,"13/-"
"Riau","Kabupaten Bengkalis","Bengkalis","Kasmarni",6975.41,592390,11,"19/136"
"Riau","Kabupaten Indragiri Hilir","Tembilahan","Muhammad Wardan",12614.78,663248,20,"39/197"
"Riau","Kabupaten Indragiri Hulu","Rengat","Rezita Meylani Yopi",7723.8,475002,14,"16/178"
"Riau","Kabupaten Kampar","Bangkinang","Muhammad Firdaus (Pj.)",10983.47,898840,21,"8/242"
"Riau","Kabupaten Kepulauan Meranti","Selatpanjang","Asmar (Plt.)",3707.84,217607,9,"5/96"
"Riau","Kabupaten Kuantan Singingi","Koto Taluk","Suhardiman Amby",5259.36,351786,15,"11/218"
"Riau","Kabupaten Pelalawan","Pangkalan Kerinci","Zukri",12758.45,422907,12,"14/104"
"Riau","Kabupaten Rokan Hilir","Bagansiapiapi","Afrizal Sintong",8881.59,669996,15,"25/159"
"Riau","Kabupaten Rokan Hulu","Pasir Pengaraian","Sukiman",7588.13,594438,16,"6/139"
"Riau","Kabupaten Siak","Siak","Alfedri",8275.18,488497,14,"9/122"
"Riau","Kota Dumai","-","Paisal",1623.38,340310,7,"36/-"
"Riau","Kota Pekanbaru","-","Muflihun (Pj.)",632.27,1020308,15,"83/-"
"Jambi","Kabupaten Batanghari","Muara Bulian","Muhammad Fadhil Arief",5804.83,301700,8,"14/110"
"Jambi","Kabupaten Bungo","Muara Bungo","Mashuri",4659,355927,17,"12/141"
"Jambi","Kabupaten Kerinci","Siulak","Adirozal",3807.28,254241,16,"2/285"
"Jambi","Kabupaten Merangin","Bangko","Mashuri",7668.61,357315,24,"10/205"
"Jambi","Kabupaten Muaro Jambi","Sengeti","Bachyuni Deliansyah (Pj.)",5246,406799,11,"5/150"
"Jambi","Kabupaten Sarolangun","Sarolangun","Henrizal (Pj.)",6174,279532,10,"9/149"
"Jambi","Kabupaten Tanjung Jabung Barat","Kuala Tungkal","Anwar Sadat",5009.82,323466,13,"20/114"
"Jambi","Kabupaten Tanjung Jabung Timur","Muara Sabak","Romi Hariyanto",5445,232048,11,"20/73"
"Jambi","Kabupaten Tebo","Muara Tebo","Aspan (Pj.)",6461,335228,12,"5/107"
"Jambi","Kota Jambi","-","Syarif Fasha",205.38,621365,11,"62/-"
"Jambi","Kota Sungai Penuh","-","Ahmadi Zubir",391.5,97190,8,"4/65"
"Sumatra Selatan","Kabupaten Banyuasin","Pangkalan Balai","Askolani Jasi",11832.99,843871,21,"16/288"
"Sumatra Selatan","Kabupaten Empat Lawang","Tebing Tinggi","Joncik Muhammad",2256.44,343839,10,"9/147"
"Sumatra Selatan","Kabupaten Lahat","Lahat","Cik Ujang",5311.74,434939,24,"18/360"
"Sumatra Selatan","Kabupaten Muara Enim","Muara Enim","Ahmad Usmarwi Kaffah (Plt.)",7383.9,617846,22,"10/245"
"Sumatra Selatan","Kabupaten Musi Banyuasin","Sekayu","Apriyadi (Pj.)",14266.26,627070,14,"13/227"
"Sumatra Selatan","Kabupaten Musi Rawas","Muara Beliti","Ratna Machmud",6350.1,398732,14,"13/186"
"Sumatra Selatan","Kabupaten Musi Rawas Utara","Rupit","Devi Suhartoni",6008.55,190420,7,"7/82"
"Sumatra Selatan","Kabupaten Ogan Ilir","Indralaya","Panca Wijaya Akbar",2666.09,419401,16,"14/227"
"Sumatra Selatan","Kabupaten Ogan Komering Ilir","Kayu Agung","Iskandar",18359.04,772742,18,"13/314"
"Sumatra Selatan","Kabupaten Ogan Komering Ulu","Baturaja","Teddy Meilwansyah (Pj.)",4797.06,371106,13,"14/143"
"Sumatra Selatan","Kabupaten Ogan Komering Ulu Selatan","Muaradua","Popo Ali Martopo",5493.94,416616,19,"7/252"
"Sumatra Selatan","Kabupaten Ogan Komering Ulu Timur","Martapura","Lanosin Hamzah",3370,653062,20,"7/305"
"Sumatra Selatan","Kabupaten Penukal Abab Lematang Ilir","Talang Ubi","Heri Amalindo",1840,197290,5,"6/65"
"Sumatra Selatan","Kota Lubuklinggau","-","SN Prana Putra Sohe",401.5,236828,8,"72/-"
"Sumatra Selatan","Kota Pagar Alam","-","Alfian Maskoni",633.66,195748,5,"35/-"
"Sumatra Selatan","Kota Palembang","-","Harnojoyo",369.22,1686073,18,"107/-"
"Sumatra Selatan","Kota Prabumulih","-","Ridho Yahya",456.9,195748,6,"25/12"
"Bengkulu","Kabupaten Bengkulu Selatan","Kota Manna","Gusnan Mulyadi",1186.7,166249,11,"16/142"
"Bengkulu","Kabupaten Bengkulu Tengah","Karang Tinggi","Heriyandi Roni (Pj.)",1223.94,116706,10,"1/142"
"Bengkulu","Kabupaten Bengkulu Utara","Kota Arga Makmur","Mian",4424.6,296523,19,"5/215"
"Bengkulu","Kabupaten Kaur","Kaur Selatan","Gusril Fauzi",2365,135200,15,"3/192"
"Bengkulu","Kabupaten Kepahiang","Kepahiang","Hidayatullah Sjahid",664.8,153232,8,"12/105"
"Bengkulu","Kabupaten Lebong","Tubei","Kopli Ansori",2427.31,118400,13,"11/93"
"Bengkulu","Kabupaten Mukomuko","Kota Mukomuko","Sapuan",4146.52,190498,15,"3/148"
"Bengkulu","Kabupaten Rejang Lebong","Curup","Syamsul Effendi",1515.76,257498,15,"34/122"
"Bengkulu","Kabupaten Seluma","Pasar Tais","Erwin Octavian",2479.36,207877,14,"20/182"
"Bengkulu","Kota Bengkulu","-","Helmi Hasan",152,371828,9,"67/-"
"Lampung","Kabupaten Lampung Selatan","Kalianda","Nanang Ermanto",2219.01,1064301,17,"4/256"
"Lampung","Kabupaten Lampung Tengah","Gunung Sugih","Musa Ahmad",4544.68,1460045,28,"10/301"
"Lampung","Kabupaten Lampung Timur","Sukadana","M. Dawam Rahardjo",3864.69,1110340,24,"-/264"
"Lampung","Kabupaten Lampung Utara","Kotabumi","Budi Utomo",2529.54,633099,23,"15/232"
"Lampung","Kabupaten Mesuji","Wiralaga Mulya","Sulpakar (Pj.)",2205.57,227518,7,"-/105"
"Lampung","Kabupaten Pesawaran","Gedong Tataan","Dendi Ramadhona",1278.21,477468,11,"-/144"
"Lampung","Kabupaten Pesisir Barat","Krui","Agus Istiqlal",2988.07,162697,11,"2/116"
"Lampung","Kabupaten Pringsewu","Pringsewu","Adi Erlansyah (Pj.)",614.48,405466,9,"5/126"
"Lampung","Kabupaten Tanggamus","Kota Agung","Dewi Handajani",2900.29,640275,20,"3/299"
"Lampung","Kabupaten Tulang Bawang","Menggala","Qodratul Ikhwan (Pj.)",3091.08,430021,15,"4/147"
"Lampung","Kabupaten Tulang Bawang Barat","Panaragan Jaya","M. Firsada (Pj.)",1285.74,286162,9,"3/93"
"Lampung","Kabupaten Way Kanan","Blambangan Umpu","Raden Adipati Surya",3657.49,473575,14,"6/221"
"Lampung","Kota Bandar Lampung","-","Eva Dwiana",183.31,1166066,20,"126/-"
"Lampung","Kota Metro","-","Wahdi",73.15,168676,5,"22/-"
"Lampung","Kabupaten Lampung Barat","Liwa","Nukman (Pj.)",2142.78,302139,15,"5/131"
"Kepulauan Riau","Kabupaten Bangka","Sungai Liat","Mulkan",3028.79,329911,8,"19/62"
"Kepulauan Riau","Kabupaten Bangka Barat","Muntok","Sukirman",2884.15,204612,6,"6/60"
"Kepulauan Riau","Kabupaten Bangka Selatan","Toboali","Riza Herdavid",3607.08,198189,8,"3/50"
"Kepulauan Riau","Kabupaten Bangka Tengah","Koba","Algafry Rahman",2269.03,192429,6,"7/56"
"Kepulauan Riau","Kabupaten Belitung","Tanjung Pandan","Sahani Saleh",2293.69,184004,5,"7/42"
"Kepulauan Riau","Kabupaten Belitung Timur","Manggar","Burhanudin",2506.91,126939,7,"-/39"
"Kepulauan Riau","Kota Pangkalpinang","-","Maulan Aklil",104.41,218569,7,"42/-"
"Kepulauan Bangka Belitung","Kabupaten Bintan","Bandar Seri Bentan","Roby Kurniawan",1317.15,185647,10,"15/36"
"Kepulauan Bangka Belitung","Kabupaten Karimun","Tanjung Balai Karimun","Aunur Rafiq",930.45,291863,14,"29/42"
"Kepulauan Bangka Belitung","Kabupaten Kepulauan Anambas","Tarempa","Abdul Haris",627.03,51034,9,"2/52"
"Kepulauan Bangka Belitung","Kabupaten Lingga","Daik","M. Nizar",2210.82,123130,13,"9/75"
"Kepulauan Bangka Belitung","Kabupaten Natuna","Ranai","Wan Siswandi",1999.16,91864,17,"7/70"
"Kepulauan Bangka Belitung","Kota Batam","-","Muhammad Rudi",1034.73,1307082,12,"64/-"
"Kepulauan Bangka Belitung","Kota Tanjungpinang","-","Rahma",150.37,251708,4,"18/-"
"DKI Jakarta","Kabupaten Administrasi Kepulauan Seribu","Pulau Pramuka","Junaedi",1018,27749,2,"6"
"DKI Jakarta","Kota Administrasi Jakarta Barat","Kembangan","Yani Wahyu Purwoko",124.44,2434511,8,"56"
"DKI Jakarta","Kota Administrasi Jakarta Pusat","Menteng","Dhany Sukma",52.38,1056896,8,"44"
"DKI Jakarta","Kota Administrasi Jakarta Selatan","Kebayoran Baru","Munjirin",154.32,2226812,10,"65"
"DKI Jakarta","Kota Administrasi Jakarta Timur","Cakung","Muhammad Anwar",182.7,3037139,10,"65"
"DKI Jakarta","Kota Administrasi Jakarta Utara","Koja","Ali Maulana Hakim",139.99,1778981,6,"31"
"Jawa Barat","Kabupaten Bandung","Soreang","Dadang Supriatna",1767.96,3623790,31,"10/270"
"Jawa Barat","Kabupaten Bandung Barat","Ngamprah","Hengky Kurniawan",1305.77,1788336,16,"-/165"
"Jawa Barat","Kabupaten Bekasi","Cikarang Pusat","Dani Ramdan (Pj.)",1224.88,3113071,23,"7/180"
"Jawa Barat","Kabupaten Bogor","Cibinong","Iwan Setiawan (Plt.)",2710.62,5427068,40,"19/416"
"Jawa Barat","Kabupaten Ciamis","Ciamis","Herdiat Sunarya",1414.71,1229069,27,"7/258"
"Jawa Barat","Kabupaten Cianjur","Cianjur","Herman Suherman",3840.16,2477560,32,"6/354"
"Jawa Barat","Kabupaten Cirebon","Sumber","Imron Rosyadi",984.52,2270621,40,"12/412"
"Jawa Barat","Kabupaten Garut","Tarogong Kidul","Rudi Gunawan",3074.07,2585607,42,"21/421"
"Jawa Barat","Kabupaten Indramayu","Indramayu","Nina Agustina",2040.11,1834434,31,"8/309"
"Jawa Barat","Kabupaten Karawang","Karawang Barat","Cellica Nurrachadiana",1652.2,2439085,30,"12/297"
"Jawa Barat","Kabupaten Kuningan","Kuningan","Acep Purnama",1110.56,1167686,32,"15/361"
"Jawa Barat","Kabupaten Majalengka","Majalengka","Karna Sobahi",1204.24,1305476,26,"13/330"
"Jawa Barat","Kabupaten Pangandaran","Parigi","Jeje Wiradinata",1010,423667,10,"-/93"
"Jawa Barat","Kabupaten Purwakarta","Purwakarta","Anne Ratna Mustika",825.74,997869,17,"9/183"
"Jawa Barat","Kabupaten Subang","Subang","Ruhimat",1893.95,1595320,30,"8/245"
"Jawa Barat","Kabupaten Sukabumi","Palabuhanratu","Marwan Hamami",4145.7,2725450,47,"5/381"
"Jawa Barat","Kabupaten Sumedang","Sumedang Utara","Dony Ahmad Munir",1518.33,1152507,26,"7/270"
"Jawa Barat","Kabupaten Tasikmalaya","Singaparna","Ade Sugianto",2551.19,1865203,39,"-/351"
"Jawa Barat","Kota Bandung","-","Ema Sumarna (Plh.)",167.67,2444160,30,"151/-"
"Jawa Barat","Kota Banjar","-","Ade Uu Sukaesih",113.49,200973,4,"9/16"
"Jawa Barat","Kota Bekasi","-","Tri Adhianto Tjahyono (Plt.)",206.61,2543676,12,"56/-"
"Jawa Barat","Kota Bogor","-","Bima Arya Sugiarto",118.5,1043070,6,"68/-"
"Jawa Barat","Kota Cimahi","-","Dikdik Suratno Nugrahawan (Pj.)",39.27,568700,3,"15/-"
"Jawa Barat","Kota Cirebon","-","Nasrudin Azis",37.36,333303,5,"22/-"
"Jawa Barat","Kota Depok","-","Idris Abdul Shomad",200.29,2056335,11,"63/-"
"Jawa Barat","Kota Sukabumi","-","Achmad Fahmi",48.25,336325,7,"33/-"
"Jawa Barat","Kota Tasikmalaya","-","Cheka Virgowansyah (Pj.)",171.61,716155,10,"69/-"
"Jawa Tengah","Kabupaten Banjarnegara","Banjarnegara","Tri Harso Widirahmanto (Pj.)",1023.73,1017767,20,"12/266"
"Jawa Tengah","Kabupaten Banyumas","Purwokerto","Achmad Husein",1335.3,1776918,27,"30/301"
"Jawa Tengah","Kabupaten Batang","Batang","Lani Dewi Rejeki (Pj.)",788.65,801718,15,"9/239"
"Jawa Tengah","Kabupaten Blora","Blora","Arief Rohman",1821.59,884333,16,"24/271"
"Jawa Tengah","Kabupaten Boyolali","Boyolali","Said Hidayat",1008.45,1062713,22,"6/261"
"Jawa Tengah","Kabupaten Brebes","Brebes","Urip Sihabudin (Pj.)",1902.37,1978759,17,"5/292"
"Jawa Tengah","Kabupaten Cilacap","Cilacap","Yunita Dyah Suminar (Pj.)",2124.47,1944857,24,"15/269"
"Jawa Tengah","Kabupaten Demak","Demak","Eisti'anah",900.12,1203956,14,"6/243"
"Jawa Tengah","Kabupaten Grobogan","Purwodadi","Sri Sumarni",2013.86,1453526,19,"7/273"
"Jawa Tengah","Kabupaten Jepara","Jepara","Edy Supriyanta (Pj.)",1059.25,1184947,16,"11/184"
"Jawa Tengah","Kabupaten Karanganyar","Karanganyar","Juliyatmono",775.44,931693,17,"15/162"
"Jawa Tengah","Kabupaten Kebumen","Kebumen","Arif Sugiyanto",1211.74,1350438,26,"11/449"
"Jawa Tengah","Kabupaten Kendal","Kendal","Dico Ganinduto",1118.13,1018505,20,"20/266"
"Jawa Tengah","Kabupaten Klaten","Klaten","Sri Mulyani",658.22,1260506,26,"10/391"
"Jawa Tengah","Kabupaten Kudus","Kudus","Hartopo",425.15,849184,9,"9/123"
"Jawa Tengah","Kabupaten Magelang","Mungkid","Zaenal Arifin",1102.93,1299859,21,"5/367"
"Jawa Tengah","Kabupaten Pati","Pati","Henggar Budi Anggoro (Pj.)",1489.19,1324188,21,"5/401"
"Jawa Tengah","Kabupaten Pekalongan","Kajen","Fadia Arafiq",837,968821,19,"13/272"
"Jawa Tengah","Kabupaten Pemalang","Pemalang","Mansur Hidayat (Plt.)",1118.03,1471489,14,"11/211"
"Jawa Tengah","Kabupaten Purbalingga","Purbalingga","Dyah Hayuning Pratiwi",677.55,998561,18,"15/224"
"Jawa Tengah","Kabupaten Purworejo","Purworejo","Agus Bastian",1091.49,769880,16,"25/469"
"Jawa Tengah","Kabupaten Rembang","Rembang","Abdul Hafidz",887.13,645333,14,"7/287"
"Jawa Tengah","Kabupaten Semarang","Ungaran","Ngesti Nugraha",950.21,1053094,19,"27/208"
"Jawa Tengah","Kabupaten Sragen","Sragen","Kusdinar Untung Yuni Sukowati",941.54,976951,20,"12/196"
"Jawa Tengah","Kabupaten Sukoharjo","Sukoharjo","Etik Suryani",489.12,907587,12,"17/150"
"Jawa Tengah","Kabupaten Tegal","Slawi","Umi Azizah",876.1,1596996,18,"6/281"
"Jawa Tengah","Kabupaten Temanggung","Temanggung","Muhammad Al Khadziq",837.71,790174,20,"23/266"
"Jawa Tengah","Kabupaten Wonogiri","Wonogiri","Joko Sutopo",1793.67,1043177,25,"43/251"
"Jawa Tengah","Kabupaten Wonosobo","Wonosobo","Afif Nurhidayat",981.41,879124,15,"29/236"
"Jawa Tengah","Kota Magelang","-","Muhammad Nur Aziz",16.06,121526,3,"17/-"
"Jawa Tengah","Kota Pekalongan","-","Achmad Afzan Arslan Djunaid",45.25,307150,4,"27/-"
"Jawa Tengah","Kota Salatiga","-","Sinoeng Noegroho Rachmadi (Pj.)",57.36,192322,4,"23/-"
"Jawa Tengah","Kota Semarang","-","Hevearita Gunaryanti Rahayu",373.78,1653524,16,"177/-"
"Jawa Tengah","Kota Surakarta","-","Gibran Rakabuming Raka",46.01,522364,5,"51/-"
"Jawa Tengah","Kota Tegal","-","Dedy Yon Supriyono",39.68,273825,4,"27/-"
"DI Yogyakarta","Kabupaten Bantul","Bantul","Abdul Halim Muslih",506.86,985770,17,"-/75"
"DI Yogyakarta","Kabupaten Gunungkidul","Wonosari","Sunaryanta",1485.36,747161,18,"-/144"
"DI Yogyakarta","Kabupaten Kulon Progo","Wates","Tri Saktiyana (Pj.)",586.27,436935,12,"1/87"
"DI Yogyakarta","Kabupaten Sleman","Sleman","Kustini Sri Purnomo",574.82,1125804,17,"-/86"
"DI Yogyakarta","Kota Yogyakarta","-","Sumadi (Pj.)",32.5,373589,14,"45/-"
"Jawa Timur","Bangkalan","Bangkalan","Mohni (Plt.)",1001.44,1060377,18,"8/273"
"Jawa Timur","Banyuwangi","Banyuwangi","Ipuk Fiestiandani",5782.4,1708114,25,"28/189"
"Jawa Timur","Blitar","Kanigoro","Rini Syarifah",1336.48,1223745,22,"28/220"
"Jawa Timur","Bojonegoro","Bojonegoro","Anna Mu'awanah",2198.79,1301635,28,"11/419"
"Jawa Timur","Bondowoso","Bondowoso","Salwa Arifin",1525.97,776151,23,"10/209"
"Jawa Timur","Gresik","Gresik","Fandi Akhmad Yani",1191.25,1311215,18,"26/330"
"Jawa Timur","Jember","Jember","Hendy Siswanto",3092.34,2536729,31,"22/226"
"Jawa Timur","Jombang","Jombang","Mundjidah Wahab",1115.09,1318062,21,"4/302"
"Jawa Timur","Kediri","Ngasem","Hanindhito Himawan Pramana",1386.05,1635924,26,"1/343"
"Jawa Timur","Lamongan","Lamongan","Yuhronur Efendi",1782.05,1344165,27,"12/462"
"Jawa Timur","Lumajang","Lumajang","Thoriqul Haq",1790.9,1119251,21,"7/198"
"Jawa Timur","Madiun","Caruban","Ahmad Dawami Ragil Saputro",1037.58,744350,15,"8/198"
"Jawa Timur","Magetan","Magetan","Suprawoto",688.84,670812,18,"28/207"
"Jawa Timur","Malang","Kepanjen","Sanusi",3530.65,2654448,33,"12/378"
"Jawa Timur","Mojokerto","Mojosari","Ikfina Fahmawati",717.83,1119209,18,"5/299"
"Jawa Timur","Nganjuk","Nganjuk","Marhaen Djumadi",1224.25,1103902,20,"20/264"
"Jawa Timur","Ngawi","Ngawi","Ony Anwar Harsono",1295.98,870057,19,"4/213"
"Jawa Timur","Pacitan","Pacitan","Indrata Nur Bayuaji",1389.92,586110,12,"5/166"
"Jawa Timur","Pamekasan","Pamekasan","Baddrut Tamam",792.24,850057,13,"11/178"
"Jawa Timur","Pasuruan","Bangil","Irsyad Yusuf",1474.02,1605969,24,"24/341"
"Jawa Timur","Ponorogo","Ponorogo","Sugiri Sancoko",1305.7,949318,21,"26/281"
"Jawa Timur","Probolinggo","Kraksaan","Timbul Prihanjoko (Plt.)",1696.21,1152537,24,"5/325"
"Jawa Timur","Sampang","Sampang","Slamet Junaidi",1233.08,969694,14,"6/180"
"Jawa Timur","Sidoarjo","Sidoarjo","Ahmad Muhdlor Ali",634.38,2082801,18,"31/322"
"Jawa Timur","Situbondo","Situbondo","Karna Suswandi",1669.87,685967,17,"4/132"
"Jawa Timur","Sumenep","Sumenep","Achmad Fauzi",1998.54,1124436,27,"4/330"
"Jawa Timur","Trenggalek","Trenggalek","Mochamad Nur Arifin",1147.22,731125,14,"5/152"
"Jawa Timur","Tuban","Tuban","Aditya Halindra Faridzky",1834.15,1198012,20,"17/311"
"Jawa Timur","Tulungagung","Tulungagung","Maryoto Birowo",1055.65,1089775,19,"14/257"
"Jawa Timur","Kota Batu","-","Aries Agung Paewai (Pj.)",136.74,213046,3,"5/19"
"Jawa Timur","Kota Blitar","-","Santoso",32.57,149149,3,"21/-"
"Jawa Timur","Kota Kediri","-","Abdullah Abu Bakar",63.4,286796,3,"46/-"
"Jawa Timur","Kota Madiun","-","Maidi",33.29,195175,3,"27/-"
"Jawa Timur","Kota Malang","-","Sutiaji",145.28,843810,5,"57/-"
"Jawa Timur","Kota Mojokerto","-","Ika Puspitasari",16.47,132434,3,"18/-"
"Jawa Timur","Kota Pasuruan","-","Saifullah Yusuf",35.29,208006,4,"34/-"
"Jawa Timur","Kota Probolinggo","-","Hadi Zainal Abidin",56.67,239649,5,"29/-"
"Jawa Timur","Kota Surabaya","-","Eri Cahyadi",350.54,2874314,31,"154/-"
"Banten","Kabupaten Lebak","Rangkasbitung","Iti Octavia Jayabaya",3426.56,1386793,28,"5/340"
"Banten","Kabupaten Pandeglang","Pandeglang","Irna Narulita",2746.89,1272687,35,"13/326"
"Banten","Kabupaten Serang","Ciruas","Ratu Tatu Chasanah",1734.28,1622630,29,"-/326"
"Banten","Kabupaten Tangerang","Tigaraksa","Ahmed Zaki Iskandar",1011.86,3245619,29,"28/246"
"Banten","Kota Cilegon","-","Helldy Agustian",175.5,434896,8,"43/-"
"Banten","Kota Serang","-","Syafrudin",266.71,692101,6,"67/-"
"Banten","Kota Tangerang","-","Arief Rachadiono Wismansyah",153.93,1895486,13,"104/-"
"Banten","Kota Tangerang Selatan","-","Benyamin Davnie",147.19,1354350,7,"54/-"
"Bali","Kabupaten Badung","Mangupura","I Nyoman Giri Prasta",398.75,517969,6,"16/46"
"Bali","Kabupaten Bangli","Bangli","Sang Nyoman Sedana Arta",526.76,255413,4,"4/68"
"Bali","Kabupaten Buleleng","Singaraja","I Ketut Lihadnyana (Pj.)",1322.75,827642,9,"19/129"
"Bali","Kabupaten Gianyar","Gianyar","I Made Agus Mahayastra",364.36,501870,7,"6/64"
"Bali","Kabupaten Jembrana","Negara","I Nengah Tamba",849.13,325879,5,"10/41"
"Bali","Kabupaten Karangasem","Amlapura","I Gede Dana",839.32,522729,8,"3/75"
"Bali","Kabupaten Klungkung","Semarapura","I Nyoman Suwirta",313.96,217469,4,"6/53"
"Bali","Kabupaten Tabanan","Tabanan","I Komang Gede Sanjaya",849.31,465086,10,"-/133"
"Bali","Kota Denpasar","-","I Gusti Ngurah Jaya Negara",125.87,653136,4,"16/27"
"Nusa Tenggara Barat","Kabupaten Bima","Woha","Indah Damayanti Putri",3405.63,533274,18,"-/191"
"Nusa Tenggara Barat","Kabupaten Dompu","Dompu","Kader Jaelani",2391.54,241836,8,"9/72"
"Nusa Tenggara Barat","Kabupaten Lombok Barat","Gerung","Fauzan Khalid",923.06,726228,10,"3/119"
"Nusa Tenggara Barat","Kabupaten Lombok Tengah","Praya","Lalu Pathul Bahri",1095.03,1059324,12,"12/127"
"Nusa Tenggara Barat","Kabupaten Lombok Timur","Selong","Sukiman Azmy",1230.76,1369918,20,"15/239"
"Nusa Tenggara Barat","Kabupaten Lombok Utara","Tanjung","Djohan Sjamsu",776.25,252942,5,"-/43"
"Nusa Tenggara Barat","Kabupaten Sumbawa","Sumbawa","Mahmud Abdullah",6643.98,509753,24,"8/157"
"Nusa Tenggara Barat","Kabupaten Sumbawa Barat","Taliwang","W. Musyafirin",1849.02,148606,8,"7/57"
"Nusa Tenggara Barat","Kota Bima","-","Muhammad Lutfi",222.25,155140,5,"38/-"
"Nusa Tenggara Barat","Kota Mataram","-","Mohan Roliskana",61.3,441506,6,"50/-"
"Nusa Tenggara Timur","Kabupaten Alor","Kalabahi","Amon Djobo",2864.6,211872,17,"17/158"
"Nusa Tenggara Timur","Kabupaten Belu","Atambua","Agustinus Taolin",1284.97,217973,12,"12/69"
"Nusa Tenggara Timur","Kabupaten Ende","Ende","Djafar H. Achmad",2046.5,270763,21,"23/255"
"Nusa Tenggara Timur","Kabupaten Flores Timur","Larantuka","Doris Alexander Rihi (Pj.)",1813.2,276896,19,"21/229"
"Nusa Tenggara Timur","Kabupaten Kupang","Oelamasi","Korinus Masneno",5434.76,366383,24,"17/160"
"Nusa Tenggara Timur","Kabupaten Lembata","Lewoleba","Matheos Tan (Pj.)",1266,135930,9,"7/144"
"Nusa Tenggara Timur","Kabupaten Malaka","Betun","Simon Nahak",1160.63,183898,12,"-/127"
"Nusa Tenggara Timur","Kabupaten Manggarai","Ruteng","Herybertus Geradus Laju Nabit",2096.44,312855,12,"26/145"
"Nusa Tenggara Timur","Kabupaten Manggarai Barat","Labuan Bajo","Edistasius Endi",2397.03,256317,12,"5/164"
"Nusa Tenggara Timur","Kabupaten Manggarai Timur","Borong","Agas Andreas",2642.93,275603,9,"17/159"
"Nusa Tenggara Timur","Kabupaten Nagekeo","Mbay","Johanes Don Bosco Do",1416.96,159732,7,"16/97"
"Nusa Tenggara Timur","Kabupaten Ngada","Bajawa","Andreas Paru",1645.88,165254,12,"16/135"
"Nusa Tenggara Timur","Kabupaten Rote Ndao","Baa","Paulina Haning-Bullu",1280,143764,10,"7/112"
"Nusa Tenggara Timur","Kabupaten Sabu Raijua","Menia","Nikodemus Nithanel Rihi Heke",460.54,89327,6,"5/58"
"Nusa Tenggara Timur","Kabupaten Sikka","Maumere","Fransiskus Roberto Diogo",1731.9,321953,21,"13/147"
"Nusa Tenggara Timur","Kabupaten Sumba Barat","Kota Waikabubak","Johanes Dade",737.42,145097,6,"11/63"
"Nusa Tenggara Timur","Kabupaten Sumba Barat Daya","Kota Tambolaka","Markus Dairo Talu",1480.46,303650,11,"2/173"
"Nusa Tenggara Timur","Kabupaten Sumba Tengah","Waibakul","Paulus Limu",1868.74,85482,5,"-/65"
"Nusa Tenggara Timur","Kabupaten Sumba Timur","Kota Waingapu","Khristofel Praing",7000.5,244820,22,"16/140"
"Nusa Tenggara Timur","Kabupaten Timor Tengah Selatan","Kota Soe","Egusem Pieter Tahun",3947,455410,32,"12/266"
"Nusa Tenggara Timur","Kabupaten Timor Tengah Utara","Kota Kefamenanu","Juandi David",2669.7,259829,24,"33/160"
"Nusa Tenggara Timur","Kota Kupang","-","George Melkianus Hadjoh (Pj.)",180.27,442758,6,"51/-"
"Kalimantan Barat","Kabupaten Bengkayang","Bengkayang","Sebastianus Darwis",5075.48,283775,17,"2/122"
"Kalimantan Barat","Kabupaten Kapuas Hulu","Putussibau","Fransiskus Diaan",29842,237599,23,"4/278"
"Kalimantan Barat","Kabupaten Kayong Utara","Sukadana","Citra Duani",4568.26,122311,6,"-/43"
"Kalimantan Barat","Kabupaten Ketapang","Ketapang","Martin Rantan",31240.74,578533,20,"9/253"
"Kalimantan Barat","Kabupaten Kubu Raya","Sungai Raya","Muda Mahendrawan",6958.22,601356,9,"-/117"
"Kalimantan Barat","Kabupaten Landak","Ngabang","Samuel (Pj.)",8915.1,396072,13,"-/156"
"Kalimantan Barat","Kabupaten Melawi","Nanga Pinoh","Dadi Sunarya Usfa Yusra",10640.8,228787,11,"-/169"
"Kalimantan Barat","Kabupaten Mempawah","Mempawah","Erlina",2797.88,301715,9,"7/60"
"Kalimantan Barat","Kabupaten Sambas","Sambas","Satono",6716.52,631865,19,"-/193"
"Kalimantan Barat","Kabupaten Sanggau","Kapuas","Paolus Hadi",12857.8,482500,15,"6/163"
"Kalimantan Barat","Kabupaten Sekadau","Sekadau Hilir","Rupinus",5444.2,208791,7,"-/87"
"Kalimantan Barat","Kabupaten Sintang","Sintang","Jarot Winarno",21638.2,403095,14,"16/390"
"Kalimantan Barat","Kota Pontianak","-","Edi Rusdi Kamtono",107.8,655572,6,"29/-"
"Kalimantan Barat","Kota Singkawang","-","Sumastro (Pj.)",547.5,232993,5,"26/-"
"Kalimantan Tengah","Kabupaten Barito Selatan","Buntok","Deddy Winarwan (Pj.)",8830,131140,6,"7/86"
"Kalimantan Tengah","Kabupaten Barito Timur","Tamiang Layang","Ampera A.Y. Mebas",3834,113229,10,"3/100"
"Kalimantan Tengah","Kabupaten Barito Utara","Muara Teweh","Nadalsyah",8300,154812,9,"10/93"
"Kalimantan Tengah","Kabupaten Gunung Mas","Kuala Kurun","Jaya Samaya Monong",10805,135373,12,"13/114"
"Kalimantan Tengah","Kabupaten Kapuas","Kuala Kapuas","M. Nafiah Ibnor (Plt.)",14999,410446,17,"17/214"
"Kalimantan Tengah","Kabupaten Katingan","Kasongan","Sakariyas",17500,162222,13,"7/154"
"Kalimantan Tengah","Kabupaten Kotawaringin Barat","Pangkalan Bun","Budi Santosa (Pj.)",10759,270388,6,"13/81"
"Kalimantan Tengah","Kabupaten Kotawaringin Timur","Sampit","Halikinnor",16796,428895,17,"17/168"
"Kalimantan Tengah","Kabupaten Lamandau","Nanga Bulik","Hendra Lesmana",6414,97611,8,"3/85"
"Kalimantan Tengah","Kabupaten Murung Raya","Puruk Cahu","Perdie M. Yoseph",23700,111527,10,"9/116"
"Kalimantan Tengah","Kabupaten Pulang Pisau","Pulang Pisau","Pudjirustaty Narang",8997,134499,8,"4/95"
"Kalimantan Tengah","Kabupaten Sukamara","Sukamara","Windu Subagio",3827,63464,5,"3/29"
"Kalimantan Tengah","Kabupaten Seruyan","Kuala Pembuang","Yulhaidir",16404,162906,10,"3/97"
"Kalimantan Tengah","Kota Palangka Raya","-","Fairid Naparin",2399.5,293457,5,"30/-"
"Kalimantan Selatan","Kabupaten Balangan","Paringin","Abdul Hadi",1878.3,130355,8,"3/154"
"Kalimantan Selatan","Kabupaten Banjar","Martapura","Saidi Mansyur",4668,565635,20,"13/277"
"Kalimantan Selatan","Kabupaten Barito Kuala","Marabahan","Mujiyat (Pj.)",2996.46,313021,17,"6/195"
"Kalimantan Selatan","Kabupaten Hulu Sungai Selatan","Kandangan","Achmad Fikry",1804.94,228006,11,"4/144"
"Kalimantan Selatan","Kabupaten Hulu Sungai Tengah","Barabai","Aulia Oktafiandi",1472,258721,11,"8/161"
"Kalimantan Selatan","Kabupaten Hulu Sungai Utara","Amuntai","Raden Suria Fadliansyah (Pj.)",892.7,226727,10,"5/214"
"Kalimantan Selatan","Kabupaten Kotabaru","Kotabaru","Sayed Jafar Alaydrus",9482.73,325622,21,"4/198"
"Kalimantan Selatan","Kabupaten Tabalong","Tanjung","Anang Syakhfiani",3766.97,253305,12,"10/121"
"Kalimantan Selatan","Kabupaten Tanah Bumbu","Batulicin","Zairullah Azhar",5006.96,322646,10,"5/144"
"Kalimantan Selatan","Kabupaten Tanah Laut","Pelaihari","Sukamta",3631.35,348966,11,"5/130"
"Kalimantan Selatan","Kabupaten Tapin","Rantau","Arifin Arpan",2700.82,189475,12,"9/126"
"Kalimantan Selatan","Kota Banjarbaru","-","Aditya Mufti Ariffin",371,253442,5,"20/-"
"Kalimantan Selatan","Kota Banjarmasin","-","Ibnu Sina",72,657663,5,"52/-"
"Kalimantan Timur","Kabupaten Berau","Tanjung Redeb","Sri Juniarsih Mas",36962.37,238214,13,"10/100"
"Kalimantan Timur","Kabupaten Kutai Barat","Sendawar","F.X. Yapan",20384.6,165938,16,"4/190"
"Kalimantan Timur","Kabupaten Kutai Kartanegara","Tenggarong","Edi Damansyah",27263.1,734485,18,"44/193"
"Kalimantan Timur","Kabupaten Kutai Timur","Sangatta","Ardiansyah Sulaiman",35747.5,424334,18,"2/139"
"Kalimantan Timur","Kabupaten Mahakam Ulu","Ujoh Bilang","Bonifasius Belawan Geh",15315,35010,5,"-/50"
"Kalimantan Timur","Kabupaten Paser","Tanah Grogot","Fahmi Fadli",7730.88,277401,10,"5/139"
"Kalimantan Timur","Kabupaten Penajam Paser Utara","Penajam","Hamdam Pongrewa",3333.06,181349,4,"24/30"
"Kalimantan Timur","Kota Balikpapan","-","Rahmad Mas'ud",533,727655,6,"34/-"
"Kalimantan Timur","Kota Bontang","-","Basri Rase",149.8,185928,3,"15/-"
"Kalimantan Timur","Kota Samarinda","-","Andi Harun",718,834824,10,"59/-"
"Kalimantan Utara","Kabupaten Bulungan","Tanjung Selor","Syarwani",13925.72,151800,10,"7/74"
"Kalimantan Utara","Kabupaten Malinau","Malinau","Wempi Wellem Mawa",42620.7,82500,15,"-/109"
"Kalimantan Utara","Kabupaten Nunukan","Nunukan","Asmin Laura",13841.9,199090,21,"8/232"
"Kalimantan Utara","Kabupaten Tana Tidung","Tideng Pale","Ibrahim Ali",4828.58,25600,5,"-/32"
"Kalimantan Utara","Kota Tarakan","-","Khairul",250.8,242800,4,"20/-"
"Sulawesi Utara","Kabupaten Bolaang Mongondow","Lolak","Limi Mokodompit (Pj.)",5397.69,248751,15,"2/200"
"Sulawesi Utara","Kabupaten Bolaang Mongondow Selatan","Bolaang Uki","Iskandar Kamaru",1932.6,69791,7,"-/81"
"Sulawesi Utara","Kabupaten Bolaang Mongondow Timur","Tutuyan","Sam Sachrul Mamonto",910.18,87241,7,"-/81"
"Sulawesi Utara","Kabupaten Bolaang Mongondow Utara","Boroko","Depri Pontoh",1856.86,83112,6,"1/106"
"Sulawesi Utara","Kabupaten Kepulauan Sangihe","Tahuna","Rinny Tamuntuan (Pj.)",736.98,139262,15,"22/145"
"Sulawesi Utara","Kabupaten Kepulauan Siau Tagulandang Biaro","Ondong Siau","Evangeline Sasingen",275.96,72135,10,"10/83"
"Sulawesi Utara","Kabupaten Kepulauan Talaud","Melonguane","Elly Engelbert Lasut",1251.02,113521,19,"11/142"
"Sulawesi Utara","Kabupaten Minahasa","Tondano","Royke Octavian Roring",1025.85,348670,25,"43/227"
"Sulawesi Utara","Kabupaten Minahasa Selatan","Amurang","Franky Donny Wongkar",1456.46,238740,17,"10/167"
"Sulawesi Utara","Kabupaten Minahasa Tenggara","Ratahan","James Sumendap",730.63,117079,12,"9/135"
"Sulawesi Utara","Kabupaten Minahasa Utara","Airmadidi","Joune Ganda",1059.24,224993,10,"6/126"
"Sulawesi Utara","Kota Bitung","-","Maurits Mantiri",313.51,225134,8,"69/-"
"Sulawesi Utara","Kota Kotamobagu","-","Tatong Bara",184.33,125492,4,"18/15"
"Sulawesi Utara","Kota Manado","-","Andrei Angouw",162.53,476910,11,"87/-"
"Sulawesi Utara","Kota Tomohon","-","Caroll Senduk",147.21,100587,5,"44/-"
"Sulawesi Tengah","Kabupaten Banggai","Luwuk","Herwin Yatim",9672.7,359495,23,"46/291"
"Sulawesi Tengah","Kabupaten Banggai Kepulauan","Salakan","Ihsan Basir (Pj.)",2488.79,117526,12,"3/141"
"Sulawesi Tengah","Kabupaten Banggai Laut","Banggai","Sofyan Kaepa",725.67,63127,7,"3/63"
"Sulawesi Tengah","Kabupaten Buol","Buol","Moh. Muchlis Yojodolo (Pj.)",4043.57,132786,11,"7/108"
"Sulawesi Tengah","Kabupaten Donggala","Banawa","Kasman Lassa",4275.08,293470,16,"9/158"
"Sulawesi Tengah","Kabupaten Morowali","Bungku Tengah","Taslim",3037.04,129814,9,"7/126"
"Sulawesi Tengah","Kabupaten Morowali Utara","Kolonodale","Delis Julkarson Hehi",10004.28,117164,10,"3/122"
"Sulawesi Tengah","Kabupaten Parigi Moutong","Parigi","Samsurizal Tombolotutu",5089.91,444513,23,"5/278"
"Sulawesi Tengah","Kabupaten Poso","Poso","Verna Gladies Merry Inkiriwang",7112.25,243025,19,"28/141"
"Sulawesi Tengah","Kabupaten Sigi","Sigi Biromaru","Mohamad Irwan Lapatta",5196.02,247057,15,"-/176"
"Sulawesi Tengah","Kabupaten Tojo Una-Una","Ampana Kota","Mohammad Lahay",5721.15,155885,12,"12/134"
"Sulawesi Tengah","Kabupaten Tolitoli","Baolan","Amran Hi. Yahya",4079.77,211973,10,"6/103"
"Sulawesi Tengah","Kota Palu","-","Hadianto Rasyid",395.06,363867,8,"46/-"
"Sulawesi Selatan","Kabupaten Bantaeng","Bantaeng","Ilham Syah Azikin",395.83,176699,8,"21/46"
"Sulawesi Selatan","Kabupaten Barru","Barru","Suardi Saleh",1174.71,165983,7,"15/40"
"Sulawesi Selatan","Kabupaten Bone","Watampone","Andi Fahsar M. Padjalangi",4559,717268,27,"44/328"
"Sulawesi Selatan","Kabupaten Bulukumba","Ujung Bulu","Andi Muchtar Ali Yusuf",1154.67,394560,10,"27/109"
"Sulawesi Selatan","Kabupaten Enrekang","Enrekang","Muslimin Bando",1786.01,190579,12,"17/112"
"Sulawesi Selatan","Kabupaten Gowa","Sungguminasa","Adnan Purichta Ichsan",1883.32,652329,18,"46/121"
"Sulawesi Selatan","Kabupaten Jeneponto","Bontosunggu","Iksan Iskandar",749.79,342222,11,"31/82"
"Sulawesi Selatan","Kabupaten Kepulauan Selayar","Benteng","Muhammad Basli Ali",10503.69,122055,11,"7/81"
"Sulawesi Selatan","Kabupaten Luwu","Belopa","Basmin Mattayang",3000.25,332482,21,"20/207"
"Sulawesi Selatan","Kabupaten Luwu Timur","Malili","Budiman Hakim",6944.88,243069,11,"3/125"
"Sulawesi Selatan","Kabupaten Luwu Utara","Masamba","Indah Putri Indriani",7502.58,287472,15,"7/166"
"Sulawesi Selatan","Kabupaten Maros","Turikale","Chaidir Syam",1619.12,322212,14,"23/80"
"Sulawesi Selatan","Kabupaten Pangkajene dan Kepulauan","Pangkajene","Muhammad Yusran Lalogau",1236.27,305758,13,"38/65"
"Sulawesi Selatan","Kabupaten Pinrang","Watang Sawitto","Andi Irwan Hamid",1961.77,351161,12,"40/69"
"Sulawesi Selatan","Kabupaten Sidenreng Rappang","Pangkajene Sidenreng","Dollah Mando",2506.19,278004,11,"38/68"
"Sulawesi Selatan","Kabupaten Sinjai","Balangnipa","Andi Seto Gadhista Asapa",819.96,228936,9,"13/67"
"Sulawesi Selatan","Kabupaten Soppeng","Watansoppeng","Andi Kaswadi Razak",1359.44,223757,8,"21/49"
"Sulawesi Selatan","Kabupaten Takalar","Pattallassang","Setiawan Aswad (Pj.)",566.51,269171,10,"24/76"
"Sulawesi Selatan","Kabupaten Tana Toraja","Makale","Theofilus Allorerung",2054.3,221795,19,"47/112"
"Sulawesi Selatan","Kabupaten Toraja Utara","Rantepao","Yohanis Bassang",1151.47,215400,21,"40/111"
"Sulawesi Selatan","Kabupaten Wajo","Sengkang","Amran Mahmud",2056.2,384694,14,"48/142"
"Sulawesi Selatan","Kota Makassar","-","Moh. Ramdhan Pomanto",175.77,1334090,15,"153/-"
"Sulawesi Selatan","Kota Palopo","-","Judas Amir",247.52,148033,9,"48/-"
"Sulawesi Selatan","Kota Parepare","-","Taufan Pawe",99.33,132048,4,"22/-"
"Sulawesi Tenggara","Kabupaten Bombana","Rumbia","Burhanuddin (Pj.)",3001,136582,22,"22/121"
"Sulawesi Tenggara","Kabupaten Buton","Pasarwajo","Basiran (Pj.)",1212.99,114596,7,"12/83"
"Sulawesi Tenggara","Kabupaten Buton Selatan","Batauga","La Ode Budiman (Pj.)",509.92,94727,7,"10/60"
"Sulawesi Tenggara","Kabupaten Buton Tengah","Labungkari","Andi Muhammad Yusuf (Pj.)",958.31,115121,7,"10/67"
"Sulawesi Tenggara","Kabupaten Buton Utara","Buranga","M. Ridwan Zakariah",1864.91,62197,6,"12/78"
"Sulawesi Tenggara","Kabupaten Kolaka","Kota Kolaka","Ahmad Safei",3283.59,228970,12,"35/100"
"Sulawesi Tenggara","Kabupaten Kolaka Timur","Tirawuta","Abdul Azis (Plt.)",3634.74,119461,13,"16/117"
"Sulawesi Tenggara","Kabupaten Kolaka Utara","Lasusua","Parinringi (Pj.)",3391.67,134771,15,"6/127"
"Sulawesi Tenggara","Kabupaten Konawe","Kota Unaaha","Kery Saiful Konggoasa",4435.28,253659,27,"57/297"
"Sulawesi Tenggara","Kabupaten Konawe Kepulauan","Langara","Amrullah",867.58,34226,7,"7/89"
"Sulawesi Tenggara","Kabupaten Konawe Selatan","Andolo","Surunuddin Dangga",5779.47,306783,25,"15/336"
"Sulawesi Tenggara","Kabupaten Konawe Utara","Wanggudu","Ruksamin",5101.76,64773,13,"11/159"
"Sulawesi Tenggara","Kabupaten Muna","Kota Raha","La Ode M. Rusman Emba",1922.16,227941,22,"26/125"
"Sulawesi Tenggara","Kabupaten Muna Barat","Sawerigadi","Bahri (Pj.)",1022.89,78630,11,"5/81"
"Sulawesi Tenggara","Kabupaten Wakatobi","Wangi-Wangi","Haliana",559.54,110303,8,"26/75"
"Sulawesi Tenggara","Kota Baubau","-","La Ode Ahmad Monianse",221,154487,8,"43/-"
"Sulawesi Tenggara","Kota Kendari","-","Asmawa Tosepu (Pj.)",300.89,334335,10,"64/-"
"Gorontalo","Kabupaten Boalemo","Tilamuta","Hendriwan (Pj.)",1521.88,143689,7,"-/82"
"Gorontalo","Kabupaten Bone Bolango","Suwawa","Hamim Pou",1984.31,160154,18,"5/160"
"Gorontalo","Kabupaten Gorontalo","Limboto","Nelson Pomalingo",1750.83,391944,19,"14/191"
"Gorontalo","Kabupaten Gorontalo Utara","Kwandang","Thariq Modanggu",1676.15,124202,11,"-/123"
"Gorontalo","Kabupaten Pohuwato","Marisa","Saipul A. Mbuinga",4244.31,141281,13,"3/101"
"Gorontalo","Kota Gorontalo","-","Marten Taha",79.59,196055,9,"50/-"
"Sulawesi Barat","Kabupaten Majene","Banggae","Andi Achmad Syukri Tammalele",947.84,166505,8,"20/62"
"Sulawesi Barat","Kabupaten Mamasa","Mamasa","Ramlan Badawi",3005.88,203599,17,"13/168"
"Sulawesi Barat","Kabupaten Mamuju","Mamuju","Sitti Sutinah Suhardi",3973.07,110593,11,"15/88"
"Sulawesi Barat","Kabupaten Mamuju Tengah","Tobadak","Aras Tammauni",3014.37,142913,5,"-/54"
"Sulawesi Barat","Kabupaten Pasangkayu","Pasangkayu","Yaumil Ambo Djiwa",3043.75,208325,12,"4/59"
"Sulawesi Barat","Kabupaten Polewali Mandar","Polewali","Andi Ibrahim Masdar",1775.65,517677,16,"23/144"
"Maluku","Kabupaten Buru","Namlea","Djalaludin Salampessy (Pj.)",4932.32,130696,10,"-/82"
"Maluku","Kabupaten Buru Selatan","Namrole","Safitri Malik Soulisa",3780.56,72993,6,"-/79"
"Maluku","Kabupaten Kepulauan Aru","Dobo","Johan Gonga",8152.42,102272,10,"2/117"
"Maluku","Kabupaten Kepulauan Tanimbar","Saumlaki","Daniel Indey (Pj.)",4465.79,122337,10,"2/80"
"Maluku","Kabupaten Maluku Barat Daya","Tiakur","Benyamin Thomas Noach",4581.06,66805,17,"1/117"
"Maluku","Kabupaten Maluku Tengah","Masohi","Muhamad Marasabessy (Pj.)",7953.81,422065,18,"6/186"
"Maluku","Kabupaten Maluku Tenggara","Langgur","Muh. Thaher Hanubun",1031.81,125704,11,"1/190"
"Maluku","Kabupaten Seram Bagian Barat","Piru","Andi Chandra As’aduddin (Pj.)",5033.38,208009,11,"-/92"
"Maluku","Kabupaten Seram Bagian Timur","Bula","Abdul Mukti Keliobas",6429.88,131707,15,"-/198"
"Maluku","Kota Ambon","-","Bodewin Wattimena (Pj.)",298.61,375760,5,"20/30"
"Maluku","Kota Tual","-","Adam Rahayaan",254.39,84585,5,"3/27"
"Maluku Utara","Kabupaten Halmahera Barat","Jailolo","James Uang",1704.2,132427,8,"-/169"
"Maluku Utara","Kabupaten Halmahera Tengah","Weda","Ikram M. Sangadji (Pj.)",2653.76,50164,10,"-/61"
"Maluku Utara","Kabupaten Halmahera Timur","Kota Maba","Ubaid Yakub",6571.37,90924,10,"-/102"
"Maluku Utara","Kabupaten Halmahera Selatan","Labuha","Usman Sidik",8148.9,247378,30,"-/249"
"Maluku Utara","Kabupaten Halmahera Utara","Tobelo","Frans Manery",3896.9,194291,17,"-/196"
"Maluku Utara","Kabupaten Kepulauan Sula","Sanana","Fifian Adeningsi Mus",3304.32,110507,12,"-/78"
"Maluku Utara","Kabupaten Pulau Morotai","Daruba","Muhammad Umar Ali (Pj.)",2476,66983,5,"-/88"
"Maluku Utara","Kabupaten Pulau Taliabu","Bobong","Aliong Mus",1469.93,56202,8,"-/71"
"Maluku Utara","Kota Ternate","-","M. Tauhid Soleman",111.39,215524,7,"77/-"
"Maluku Utara","Kota Tidore Kepulauan","-","Ali Ibrahim",1645.73,111431,8,"40/49"
"Papua","Kabupaten Biak Numfor","Biak","Herry Ario Naap",2602,134650,19,"14/254"
"Papua","Kabupaten Jayapura","Sentani","Triwarno Purnomo (Pj.)",11157.15,166171,19,"5/139"
"Papua","Kabupaten Keerom","Arso (de facto)Waris (de jure)","Piter Gusbager",8390,61623,11,"-/91"
"Papua","Kabupaten Kepulauan Yapen","Serui Kota","Cyfrianus Yustus Mambay (Pj.)",2050,112676,16,"5/160"
"Papua","Kabupaten Mamberamo Raya","Burmeso","Dorinus Dasinapa",23813.91,36483,8,"-/60"
"Papua","Kabupaten Sarmi","Sarmi","Markus Oktovianus Mansnembra (Pj.)",17742,41515,10,"2/92"
"Papua","Kabupaten Supiori","Sorendiweri","Yan Imbab",678.32,22547,5,"-/38"
"Papua","Kabupaten Waropen","Botawa","Yeremias Bisay",10977.09,33943,11,"-/100"
"Papua","Kota Jayapura","-","Frans Pekey (Pj.)",935.92,398478,5,"25/14"
"Papua Barat","Kabupaten Fakfak","Fakfak","Untung Tamsil",14320,85197,17,"7/142"
"Papua Barat","Kabupaten Kaimana","Kaimana","Freddy Thie",16241.84,62256,7,"2/84"
"Papua Barat","Kabupaten Manokwari","Manokwari","Hermus Indou",3186.28,192663,9,"9/164"
"Papua Barat","Kabupaten Manokwari Selatan","Ransiki","Markus Waran",2812.44,35949,6,"-/57"
"Papua Barat","Kabupaten Pegunungan Arfak","Anggi","Yosias Saroy",2773.74,38207,10,"-/166"
"Papua Barat","Kabupaten Teluk Bintuni","Bintuni","Petrus Kasihiw",20840.83,87033,24,"2/115"
"Papua Barat","Kabupaten Teluk Wondama","Rasiei","Hendrik Mambor",3959.53,41644,13,"1/75"
"Papua Selatan","Kabupaten Asmat","Agats","Elisa Kambu",31983.69,110105,19,"-/221"
"Papua Selatan","Kabupaten Boven Digoel","Tanah Merah","Hengky Yaluwo",27108,64285,20,"-/112"
"Papua Selatan","Kabupaten Mappi","Kepi","Michael Rooney Gomar (Pj.)",24118,108295,15,"2/162"
"Papua Selatan","Kabupaten Merauke","Merauke","Romanus Mbaraka",44071,230932,20,"11/179"
"Papua Tengah","Kabupaten Deiyai","Tigi","Ateng Edowai",537.39,99091,5,"-/67"
"Papua Tengah","Kabupaten Dogiyai","Kamu","Petrus Agapa (Pj.)",4237.4,116206,10,"-/79"
"Papua Tengah","Kabupaten Intan Jaya","Sugapa","Apolos Bagau (Pj.)",3922.02,135043,8,"-/97"
"Papua Tengah","Kabupaten Mimika","Timika","Valentinus Sudarjanto Sumito (Pj.)",21633,311969,18,"2/109"
"Papua Tengah","Kabupaten Nabire","Nabire","Mesak Magai",11112.61,169136,15,"9/72"
"Papua Tengah","Kabupaten Paniai","Enarotali","Meki Fritz Nawipa",6525.25,220410,23,"5/216"
"Papua Tengah","Kabupaten Puncak","Ilaga","Willem Wandik",8055,114741,25,"-/206"
"Papua Tengah","Kabupaten Puncak Jaya","Mulia","Tumiran (Pj.)",5996.94,224527,26,"3/302"
"Papua Pegunungan","Kabupaten Jayawijaya","Wamena","John Richard Banua",13925.31,277923,40,"4/328"
"Papua Pegunungan","Kabupaten Lanny Jaya","Tiom","Doren Wakerkwa (Pj.)",6077.4,201461,39,"1/354"
"Papua Pegunungan","Kabupaten Mamberamo Tengah","Kobakma","Yonas Kenelak (Plt.)",3743.64,51719,5,"-/59"
"Papua Pegunungan","Kabupaten Nduga","Kenyam","Edison Gwijangge (Pj.)",12941,109630,32,"-/248"
"Papua Pegunungan","Kabupaten Pegunungan Bintang","Oksibil","Spei Yan Birdana",15683,78466,34,"-/277"
"Papua Pegunungan","Kabupaten Tolikara","Karubaga","Marthen Kogoya (Pj.)",14564,244345,46,"4/541"
"Papua Pegunungan","Kabupaten Yalimo","Elelim","Nahor Nekwek",4330.29,103387,5,"-/300"
"Papua Pegunungan","Kabupaten Yahukimo","Sumohai (de jure)Dekai (de facto)","Didimus Yahuli",17152,350880,51,"1/510"
"Papua Barat Daya","Kabupaten Maybrat","Kumurkek","Bernhard Rondonuwu (Pj.)",5461.69,42991,24,"1/259"
"Papua Barat Daya","Kabupaten Raja Ampat","Waisai","Abdul Faris Umlati",8034.44,64141,24,"4/117"
"Papua Barat Daya","Kabupaten Sorong","Aimas","Yan Piet Moso (Pj.)",6544.23,118679,30,"26/226"
"Papua Barat Daya","Kabupaten Sorong Selatan","Teminabuan","Samsudin Anggiluli",6594.31,52469,15,"2/121"
"Papua Barat Daya","Kabupaten Tambrauw","Fef","Engelbertus Gabriel Kocu (Pj.)",11529.18,28379,29,"-/216"
"Papua Barat Daya","Kota Sorong","-","George Yarangga (Pj.)",656.64,284410,10,"52/-"
